OrderID,CustomerName,Product,Category,Quantity,PricePerUnit,OrderDate,Region,SalesRep,Discount,TotalAmount
ORD1216,Lisa Palmer,Smartphone,Clothing,,598.7,2025-06-18,East,Alice,20.0,
ORD1008,Tony Andrews,Headphones,Clothing,0.0,705.28,2025-04-18,West,Bob,,0.0
ORD1222,Jaime Martinez,Keyboard,Clothing,4.0,386.35,2024-11-19,North,David,15.0,1313.5900000000001
ORD1636,Caleb Jackson,Keyboard,Furniture,3.0,293.85,2024-08-03,West,Bob,0.0,881.5500000000001
ORD1203,Lisa Miller,Bag,Electronics,2.0,895.08,2024-05-30,North,Charlie,10.0,1611.144
ORD1608,Kayla Gonzalez,Monitor,Electronics,5.0,480.43,2025-09-09,West,Charlie,10.0,2161.935
ORD1336,Angela Rose,Chair,Electronics,1.0,629.59,2026-01-11,West,Eva,10.0,754.5059617750417
ORD1281,Heather Adams,Chair,Furniture,1.0,676.17,2025-07-01,South,Bob,5.0,642.3615
ORD1379,Angel Bradford,T-shirt,Clothing,3.0,10.2,2025-09-28,North,,5.0,29.069999999999997
ORD1728,Brittany Conley,Laptop,Electronics,3.0,928.76,2025-04-03,West,Eva,,2786.2799999999997
ORD1664,Michele Schwartz,Chair,Electronics,3.0,620.04,2025-09-12,South,Alice,0.0,1860.12
ORD1809,Jack Butler,T-shirt,Furniture,2.0,688.41,2024-04-14,West,David,20.0,1101.456
ORD1786,Derek Kelly,Headphones,Furniture,4.0,32.2,2025-07-16,South,David,10.0,115.92000000000002
ORD1846,Kelly Snyder,Bag,Furniture,2.0,705.09,2025-06-24,North,Bob,15.0,1198.653
ORD1397,Tina Shepherd,Shoes,Electronics,4.0,,2025-09-05,North,Bob,,
ORD1079,Patricia Ortiz,Shoes,Electronics,0.0,44.51,2025-10-04,East,Bob,0.0,0.0
ORD1032,Nicole Gardner,Mouse,Electronics,5.0,777.63,2025-04-10,North,Alice,15.0,3304.9275
ORD1488,Benjamin Hopkins PhD,Keyboard,Furniture,5.0,93.95,2025-06-10,East,,20.0,375.8
ORD1459,Gerald Parks,Shoes,Clothing,4.0,756.18,2024-06-07,West,Bob,0.0,3024.72
ORD1070,Luis Clark,Smartphone,Clothing,3.0,744.02,2024-01-15,East,Charlie,20.0,1785.6480000000001
ORD1194,Christine Campbell,Desk,Furniture,0.0,539.95,2024-07-31,North,Charlie,5.0,0.0
ORD1024,Cameron Medina,Desk,Furniture,5.0,649.17,2024-03-15,South,Bob,,3245.85
ORD1506,Krystal Adkins,Laptop,Clothing,4.0,725.34,2024-02-28,East,Charlie,10.0,2611.224
ORD1641,Krystal Strickland,Monitor,Electronics,1.0,184.64,2025-12-11,North,David,15.0,156.944
ORD1452,Richard Cook,Headphones,Furniture,2.0,868.07,2020-09-05,North,Charlie,0.0,1736.14
ORD1391,Robert Davidson,Watch,Furniture,1.0,331.78,2025-12-06,East,Alice,20.0,265.424
ORD1549,Megan Cole MD,Smartphone,Electronics,4.0,,2024-03-07,South,,5.0,
ORD1113,Kathryn Woodard,Shoes,Clothing,0.0,354.35,2025-05-10,North,Charlie,15.0,0.0
ORD1347,Brian Smith,Desk,Electronics,2.0,883.29,2025-05-07,East,Eva,15.0,1501.5929999999998
ORD1566,Elizabeth Robinson DVM,Watch,Electronics,0.0,,2025-09-07,North,Charlie,20.0,
ORD1699,Tiffany Cowan,Jacket,Furniture,0.0,984.73,2025-01-23,North,Eva,20.0,0.0
ORD1129,Kelly Walker,Tablet,Electronics,3.0,959.24,2025-06-19,East,Alice,5.0,2733.8340000000003
ORD1084,Rose Greer,Laptop,Electronics,3.0,685.95,2024-02-10,East,Charlie,10.0,1852.0650000000003
ORD1772,Charles Wilson,Watch,Electronics,1.0,287.14,2026-01-05,North,Eva,10.0,258.426
ORD1279,Amber Small,Monitor,Furniture,3.0,141.5,2024-12-11,North,Eva,10.0,382.05
ORD1752,Angela Lane,Mouse,Furniture,3.0,153.39,2024-02-24,North,David,0.0,460.16999999999996
ORD1411,Christopher Jones,Monitor,Furniture,3.0,498.02,2025-03-16,South,Alice,10.0,1344.654
ORD1725,Sharon Patel,Smartphone,Clothing,2.0,,2025-02-13,West,Eva,5.0,
ORD1051,Christopher Johnson,Tablet,Clothing,,774.49,2025-07-13,West,David,5.0,
ORD1479,Ms. Cynthia Jones DVM,Jacket,Furniture,4.0,371.17,2020-12-10,North,Bob,10.0,1336.212
ORD1677,Ryan Davis,Chair,Furniture,,800.33,2025-03-27,West,,10.0,
ORD1053,Robert Lee,Watch,Furniture,5.0,525.52,2025-07-22,North,Bob,15.0,2233.46
ORD1524,Jared Kennedy,T-shirt,Electronics,2.0,499.64,2026-01-06,South,Alice,15.0,849.3879999999999
ORD1619,Melinda York,Mouse,Furniture,,693.53,2025-10-16,West,Charlie,20.0,
ORD1579,John Ayala,Tablet,Clothing,2.0,617.41,2024-08-15,North,Eva,20.0,987.856
ORD1829,Curtis Hudson,T-shirt,Clothing,2.0,232.36,2024-06-16,North,,20.0,371.77600000000007
ORD1091,Patricia Gibbs,Lamp,Furniture,0.0,613.73,2025-02-09,North,Bob,10.0,0.0
ORD1035,Casey Mitchell,Smartphone,Clothing,1.0,260.42,2025-02-01,North,,20.0,208.336
ORD1347,Brian Smith,Desk,Electronics,2.0,883.29,2025-05-07,East,Eva,15.0,1501.5929999999998
ORD1311,Sandra Mccall,Chair,Furniture,4.0,685.18,2024-03-20,South,Eva,5.0,2603.6839999999997
ORD1004,Margaret Jackson,Laptop,Furniture,4.0,509.67,2024-01-20,West,Bob,0.0,2038.68
ORD1169,Timothy Salazar,Tablet,Furniture,5.0,548.7,2024-10-14,East,Bob,10.0,2469.15
ORD1749,Eric Jacobson,Shoes,Clothing,3.0,958.53,2025-10-23,West,Charlie,5.0,2731.8105
ORD1275,Todd Hutchinson,MouseX,Furnitur,2.0,430.64,2024-05-17,North,,0.0,861.28
ORD1651,Jeffery Collier Jr.,Watch,Clothing,3.0,658.77,2024-11-26,East,,10.0,1778.679
ORD1517,Jack Moyer,Shoes,Clothing,3.0,242.64,2025-10-13,North,Charlie,5.0,691.5239999999999
ORD1139,Mary Shaffer,Monitor,Furniture,3.0,,2025-03-07,West,Bob,10.0,
ORD1626,Chad Graves,T-shirt,Furniture,2.0,943.21,2024-07-25,West,Eva,,1886.42
ORD1338,Alexandra Conley,Laptop,Electronics,5.0,581.52,2025-10-16,South,,0.0,2907.6
ORD1816,Edward Webb,Headphones,Furniture,1.0,915.39,2024-05-04,South,Alice,5.0,869.6205
ORD1186,Christina Juarez,Monitor,Furniture,,649.25,2025-10-13,North,Charlie,10.0,
ORD1095,Elizabeth Medina,Smartphone,Electronics,,175.72,2025-01-24,South,Bob,15.0,
ORD1520,April Webb,Desk,Furniture,3.0,815.87,2021-03-03,North,Eva,,2447.61
ORD1362,Chad Henderson,Bag,Clothing,5.0,29.35,2025-10-12,North,,5.0,139.4125
ORD1443,Vicki Crosby,Monitor,Clothing,3.0,786.06,2024-03-25,South,Charlie,0.0,3140.0697613414504
ORD1265,Tristan Diaz,Shoes,Furniture,3.0,951.11,2025-11-09,North,Eva,10.0,2567.997
ORD1094,Nicole Heath,Jacket,Furniture,2.0,21.03,2024-11-25,South,Charlie,,42.06
ORD1358,Cory Lewis,Desk,Electronics,0.0,387.0,2025-01-14,East,,5.0,0.0
ORD1023,Debra Pierce,Bag,Electronics,2.0,940.22,2024-05-31,East,,5.0,1786.418
ORD1502,Jason Tucker,Laptop,Furniture,5.0,205.3,2024-10-27,South,Charlie,10.0,923.85
ORD1676,Robert Morrison,Chair,Clothing,3.0,842.68,2024-07-12,West,Bob,5.0,2401.638
ORD1496,Billy Burns,Watch,Electronics,0.0,832.75,2021-07-16,North,Charlie,,0.0
ORD1010,Cindy Hampton,Shoes,Clothing,2.0,637.74,2024-08-11,South,David,5.0,1211.706
ORD1563,Thomas Snyder,Bag,Clothing,3.0,353.44,2024-05-24,North,David,0.0,1060.32
ORD1183,Matthew Hebert,Smartphone,Clothing,,470.82,2025-04-13,West,Eva,20.0,
ORD1132,Tommy Campbell,Headphones,Electronics,,181.13,2025-02-13,East,Alice,15.0,
ORD1184,Daniel Malone,Tablet,Electronics,3.0,265.54,2024-02-03,West,Bob,,796.6200000000001
ORD1545,Susan Smith,Monitor,Furniture,1.0,370.19,2024-05-29,East,David,15.0,418.99221484718845
ORD1393,Beth Evans,Shoes,Furniture,4.0,352.01,2024-03-31,East,David,10.0,1267.236
ORD1243,Melinda Brown,T-shirt,Clothing,3.0,912.01,2024-10-21,East,Alice,20.0,2188.824
ORD1812,Elizabeth Allen,Keyboard,Electronics,3.0,196.62,2024-09-06,South,Alice,10.0,530.874
ORD1052,Alexandria Kirby,Chair,Electronics,0.0,971.46,2024-09-08,North,,0.0,0.0
ORD1144,John Johnson,Monitor,Clothing,0.0,741.21,2025-03-21,South,David,,0.0
ORD1790,Richard Spencer,Smartphone,Electronics,2.0,697.73,2025-04-09,North,David,,1395.46
ORD1690,Tiffany Snow,Lamp,Furniture,5.0,147.6,2025-12-05,West,Bob,10.0,664.2
ORD1245,Paul Vasquez,Headphones,Electronics,1.0,770.42,2025-07-19,West,Eva,,770.42
ORD1410,Cassandra Simmons,Headphones,Clothing,3.0,174.3,2025-03-03,West,Alice,5.0,496.75500000000005
ORD1719,Natalie Buckley,Mouse,Electronics,3.0,631.14,2025-07-30,East,David,20.0,1514.736
ORD1816,Edward Webb,Headphones,Furniture,1.0,915.39,2024-05-04,South,Alice,5.0,869.6205
ORD1461,Brittany Craig,T-shirt,Furniture,,458.0,2025-06-11,East,Bob,0.0,
ORD1284,Autumn Avery,Mouse,Clothing,0.0,945.92,2025-06-07,North,,,0.0
ORD1159,Sara Powell,Smartphone,Furniture,3.0,966.39,2024-06-24,North,Charlie,,2899.17
ORD1076,Jack Garcia,Headphones,Clothing,3.0,675.64,2025-04-08,East,Alice,5.0,1925.574
ORD1297,Herbert Warner,T-shirt,Clothing,4.0,335.46,2024-03-24,West,David,10.0,1207.656
ORD1649,Gregory Russell,Jacket,Furniture,,391.24,2025-05-26,North,,5.0,
ORD1017,Kyle Rogers,Desk,Furniture,2.0,,2025-10-26,North,Bob,5.0,
ORD1644,Shannon Warner,T-shirt,Clothing,0.0,750.87,2025-10-17,North,David,,0.0
ORD1526,John Le,Shoes,Furniture,0.0,349.04,2024-04-17,East,Bob,10.0,0.0
ORD1238,James Smith,Watch,Clothing,,734.94,2025-03-25,North,Charlie,0.0,
ORD1331,Ashley Garcia,Jacket,Electronics,4.0,744.67,2025-05-08,North,Eva,20.0,2382.944
ORD1334,Alexandria Gill,Smartphone,Clothing,5.0,226.05,2025-12-28,East,Bob,15.0,960.7125
ORD1781,Angela Parsons,T-shirt,Clothing,,122.42,2025-02-23,East,Bob,,
ORD1466,Olivia Price,Smartphone,Electronics,,718.22,2024-08-13,West,David,5.0,
ORD1557,Suzanne Gray,Desk,Furniture,4.0,786.79,2024-08-22,South,,15.0,2675.086
ORD1041,Melanie Moore,Chair,Furniture,,486.67,2025-11-22,North,Eva,5.0,
ORD1463,Ernest Ellis,Tablet,Clothing,1.0,540.55,2025-06-13,East,,0.0,540.55
ORD1421,Douglas Brown,Laptop,Clothing,0.0,461.36,2024-05-20,West,Alice,0.0,0.0
ORD1122,Stephen Stone,T-shirt,Electronics,3.0,129.36,2024-07-22,East,Charlie,15.0,329.86800000000005
ORD1005,Phillip Scott,Monitor,Electronics,3.0,481.12,2024-04-09,East,Bob,15.0,1633.638410604927
ORD1441,Olivia Velasquez,Keyboard,Furniture,3.0,210.94,2026-01-01,East,,20.0,506.256
ORD1207,Gregory Adams,Headphones,Clothing,3.0,451.57,2024-06-18,South,Charlie,5.0,1286.9745
ORD1314,Amanda Evans,Watch,Furniture,2.0,668.18,2025-04-09,South,David,20.0,1069.088
ORD1458,Kevin Griffith,Chair,Furniture,1.0,992.32,2025-06-12,West,Charlie,0.0,992.32
ORD1134,Clifford Clark,Headphones,Clothing,4.0,847.45,2024-12-20,South,Bob,20.0,2711.84
ORD1564,Tracy Castro PhD,Chair,Clothing,4.0,47.76,2024-11-10,West,,20.0,152.832
ORD1262,Lee Smith,Shoes,Furniture,2.0,630.78,2025-07-10,East,Eva,0.0,1261.56
ORD1026,James Henry,Chair,Electronics,2.0,,2025-02-26,East,Eva,0.0,
ORD1321,Edward Richard,Shoes,Electronics,3.0,726.97,2024-04-13,North,Bob,,2180.91
ORD1438,Heather Rojas,Bag,Electronics,4.0,444.82,2024-04-12,East,Alice,,1779.28
ORD1799,Mrs. Julia Murray,Watchs,Furnitur,2.0,391.73,2024-12-05,North,Eva,20.0,626.768
ORD1150,Mark Huang,Headphones,Electronics,1.0,136.97,2025-05-03,South,,0.0,136.97
ORD1373,Maria Herrera,Mouse,Electronics,0.0,818.89,2025-04-02,West,Bob,5.0,0.0
ORD1395,Mr. Jason Sanchez,Headphones,Clothing,5.0,94.57,2025-11-30,West,Alice,0.0,472.84999999999997
ORD1834,Julie Palmer,Desk,Electronics,5.0,635.28,2024-04-30,South,Charlie,0.0,3176.3999999999996
ORD1351,Kari Martin,Chair,Furniture,4.0,268.56,2024-04-01,West,Alice,10.0,966.816
ORD1494,Michael Adams,Tablet,Furniture,2.0,390.79,2024-07-20,West,Charlie,15.0,664.343
ORD1801,Joseph Mccormick,Mouse,Clothing,,385.42,2025-01-17,East,Eva,0.0,
ORD1340,Leslie Aguirre,T-shirt,Electronics,4.0,534.55,2025-08-30,East,,10.0,1924.3799999999999
ORD1252,Vanessa Mendez,Lamp,Electronics,2.0,798.62,2024-09-16,North,Bob,,2126.8287516665473
ORD1696,Dillon Cooper,Smartphone,Furniture,,415.96,2025-04-18,South,Alice,15.0,
ORD1030,Eric Taylor,Mouse,Clothing,5.0,633.45,2024-03-16,South,Charlie,,3167.25
ORD1364,Wanda Hernandez,Bag,Electronics,2.0,,2024-03-14,North,David,20.0,
ORD1115,Jennifer Lewis,Monitor,Furniture,3.0,52.86,2025-07-27,East,Eva,,158.57999999999998
ORD1068,Robert Dixon,Desk,Clothing,2.0,500.66,2025-04-17,West,Bob,10.0,901.1880000000001
ORD1656,Timothy Wright,Tablet,Furniture,3.0,402.6,2025-11-30,West,Eva,15.0,1026.63
ORD1170,Lynn Avery,Smartphone,Electronics,2.0,162.75,2025-12-31,North,Alice,,325.5
ORD1559,Gregory Trevino,Desk,Electronics,2.0,173.81,2024-11-07,East,Alice,5.0,330.239
ORD1620,Jean Moore,Headphones,Furniture,1.0,572.5,2023-07-19,West,,20.0,458.0
ORD1125,Brenda Jimenez,T-shirt,Clothing,3.0,435.69,2025-10-13,North,,10.0,1176.363
ORD1257,Yolanda Vincent,Desk,Furniture,1.0,925.26,2025-07-13,South,Alice,,925.26
ORD1474,Vickie Mitchell,Watch,Furniture,3.0,947.6,2026-01-02,South,Bob,10.0,2558.5200000000004
ORD1180,Megan Herman,Headphones,Electronics,3.0,891.47,2024-04-24,West,Alice,20.0,2848.92042861162
ORD1055,James Williams,Monitor,Clothing,3.0,29.81,2026-01-03,South,Bob,20.0,71.544
ORD1006,Shane Jackson,Desk,Clothing,1.0,373.62,2025-08-09,East,Eva,15.0,317.577
ORD1478,Jacqueline Neal,Desk,Furniture,2.0,609.52,2025-10-07,South,Eva,15.0,1036.184
ORD1828,William Sanders,Chair,Clothing,2.0,457.07,2024-01-28,East,Alice,,914.14
ORD1657,Diane Griffin,Tablet,Clothing,0.0,122.97,2024-09-29,East,Alice,5.0,0.0
ORD1810,Joanna Davis,Mouse,Clothing,,272.34,2025-09-17,North,,15.0,
ORD1591,Jessica Brown,Tablet,Clothing,2.0,896.03,2025-04-26,East,Bob,20.0,1433.6480000000001
ORD1047,Matthew Malone,Bag,Electronics,1.0,486.38,2024-12-21,South,,5.0,462.061
ORD1647,Adrienne Hayes,Laptop,Electronics,,759.13,2024-04-17,East,,15.0,
ORD1544,Mrs. Dawn Cain,Keyboard,Electronics,0.0,634.87,2025-12-06,West,Alice,10.0,0.0
ORD1384,Brian Lee,Keyboard,Clothing,2.0,808.14,2024-04-08,South,David,,1616.28
ORD1748,Rebecca Chapman,Headphones,Clothing,0.0,287.32,2024-03-27,South,Alice,5.0,0.0
ORD1299,Robert Wise,Keyboard,Electronics,5.0,769.59,2025-06-18,West,Bob,10.0,3463.155
ORD1807,Rose Barrera,Chair,Electronics,1.0,525.9,2025-07-05,North,Charlie,0.0,525.9
ORD1747,Dominique Shelton,Mouse,Furniture,5.0,459.09,2025-12-26,South,,20.0,1836.36
ORD1766,April Carson,Monitor,Clothing,,947.98,2025-12-29,East,David,15.0,
ORD1589,Ashley Sanchez,Jacket,Clothing,,506.66,2021-11-05,South,Bob,10.0,
ORD1537,Allison Zimmerman,Watch,Furniture,,429.58,2025-09-01,North,Eva,10.0,
ORD1401,Wendy Ruiz,Keyboard,Furniture,2.0,975.69,2025-07-02,West,David,15.0,1658.673
ORD1330,Christine Long,Jacket,Clothing,4.0,336.99,2025-02-28,North,Eva,20.0,1078.3680000000002
ORD1497,Cheyenne Young,Chair,Clothing,3.0,448.61,2025-10-01,North,Alice,20.0,1076.664
ORD1750,James Miller,Mouse,Electronics,2.0,907.85,2026-01-13,South,Alice,,1815.7
ORD1098,Crystal James,Headphones,Furniture,2.0,591.0,2025-08-13,West,David,15.0,1004.6999999999999
ORD1800,Lisa Lambert,Chair,Clothing,1.0,305.95,2025-10-10,West,David,5.0,290.6525
ORD1229,Brianna Adams,Bag,Clothing,,514.95,2024-10-16,South,Charlie,0.0,
ORD1106,Tiffany Williams,Smartphone,Furniture,2.0,451.98,2025-07-17,East,David,5.0,858.762
ORD1317,Edward Ware,Keyboard,Furniture,1.0,,2024-12-10,South,Alice,10.0,
ORD1673,Shane Jackson,Headphones,Electronics,2.0,773.67,2024-04-03,North,Charlie,5.0,1957.3644790848773
ORD1315,Scott Foley,Lamp,Clothing,4.0,953.48,2024-10-05,North,David,15.0,3241.832
ORD1151,Renee Solis,Laptop,Clothing,1.0,854.48,2025-05-04,South,Eva,15.0,726.308
ORD1821,Jason Padilla,Jacket,Electronics,2.0,938.71,2024-08-19,South,Eva,0.0,1877.42
ORD1241,Laura Steele,Bag,Electronics,2.0,460.07,2024-09-24,North,David,5.0,874.1329999999999
ORD1454,Stephen Chavez,Tablet,Clothing,4.0,325.39,2025-08-19,West,Bob,10.0,1171.404
ORD1292,Gwendolyn Edwards,Jacket,Clothin,4.0,247.74,2024-09-02,West,Eva,0.0,990.96
ORD1832,Joseph Johnson,Tablet,Furniture,4.0,672.08,2024-04-04,North,Bob,15.0,2285.072
ORD1844,Blake Hughes,Keyboard,Clothing,,16.2,2025-04-15,South,David,,
ORD1451,Lisa Murray,Monitor,Electronics,0.0,754.03,2024-07-16,North,David,15.0,0.0
ORD1743,Danny Bauer,Mouse,Clothing,3.0,883.41,2025-12-17,West,David,10.0,2385.207
ORD1329,Joshua Cobb,Chair,Furniture,,411.01,2023-04-24,North,Alice,15.0,
ORD1714,Mr. Garrett Fischer,Smartphone,Furniture,5.0,909.2,2024-05-17,North,Charlie,10.0,4091.4
ORD1803,Christine Salazar,Jacket,Clothing,2.0,868.44,2025-03-12,North,,0.0,1736.88
ORD1168,Samantha Conner,Keyboard,Furniture,2.0,781.23,2025-02-10,West,,10.0,1406.2140000000002
ORD1080,Derek Walters,Monitor,Clothing,3.0,942.72,2025-02-21,West,Alice,5.0,2686.752
ORD1192,Andrew Young,Chair,Clothing,2.0,463.69,2024-08-14,East,Eva,0.0,927.38
ORD1738,Benjamin Chaney,Bag,Furniture,1.0,69.84,2024-07-12,East,Charlie,15.0,59.364000000000004
ORD1093,David Davila,T-shirt,Electronics,3.0,286.06,2023-04-05,West,Eva,20.0,914.177905940346
ORD1588,Brenda Hamilton,Bag,Electronics,3.0,457.25,2024-06-05,South,Eva,20.0,1097.4
ORD1492,Brandon Owen,Bag,Furniture,2.0,636.65,2026-01-12,North,Bob,5.0,1209.635
ORD1165,William Wright,Monitor,Furniture,2.0,304.83,2025-07-23,West,Bob,,609.66
ORD1290,Michael Rodriguez,Lamp,Electronics,0.0,864.43,2024-11-27,South,Charlie,,0.0
ORD1457,Daniel Burke,Lamps,Clothinx,2.0,248.56,2025-12-23,North,Bob,10.0,447.408
ORD1429,Alfred Schneider,Monitor,Clothing,3.0,987.06,2025-02-07,North,Alice,10.0,2665.062
ORD1154,Christopher Phillips,Lamp,Furniture,4.0,66.38,2025-06-28,West,Charlie,0.0,265.52
ORD1414,Michele Turner,Jacket,Furniture,0.0,526.37,2024-09-10,South,David,20.0,0.0
ORD1002,Jessica Caldwell,Lamp,Furniture,2.0,936.39,2025-02-09,North,Charlie,20.0,1498.2240000000002
ORD1309,Miss Theresa Smith,Lamp,Furniture,3.0,320.51,2024-12-04,South,Eva,15.0,817.3004999999999
ORD1442,Katelyn Lopez,Jacket,Furniture,1.0,918.33,2024-05-15,West,Eva,5.0,872.4135
ORD1554,Bryan Long,Lamps,Furnitur,4.0,533.5,2024-10-08,North,Alice,5.0,2027.3
ORD1708,Colleen Cooley,Smartphone,Furniture,,142.29,2025-06-03,West,Eva,0.0,
ORD1575,David Cruz,Smartphone,Electronics,5.0,328.22,2024-06-20,South,Charlie,20.0,1312.88
ORD1287,Michael Perkins,T-shirt,Clothing,0.0,209.21,2025-01-26,North,Eva,20.0,0.0
ORD1797,Jennifer Torres,Tablet,Electronics,,380.85,2025-08-18,East,,20.0,
ORD1798,Marcus Torres,Bag,Electronics,2.0,571.75,2022-07-17,North,Bob,20.0,914.8000000000001
ORD1050,Christina Lane,Bag,Clothing,2.0,200.82,2024-09-27,North,Eva,0.0,401.64
ORD1813,Tonya Lee,Chair,Clothing,2.0,309.59,2025-10-08,South,Bob,5.0,588.2209999999999
ORD1756,Maria Cook,Smartphone,Furniture,3.0,886.81,2024-06-18,West,David,15.0,2261.3655
ORD1104,Timothy Rodriguez,Jacket,Furniture,,902.86,2024-04-24,West,Charlie,5.0,
ORD1028,Shawn Howard,Headphones,Electronics,0.0,173.56,2025-02-18,North,Alice,10.0,0.0
ORD1508,Darrell Bradford,Jacket,Furniture,0.0,763.97,2025-09-21,North,Alice,,0.0
ORD1675,Allison Reyes,T-shirt,Electronics,4.0,263.38,2025-02-08,West,Alice,15.0,895.492
ORD1166,Mary Dunn,Shoes,Electronics,3.0,587.4,2024-07-25,South,Eva,5.0,1674.0899999999997
ORD1295,Kathryn Campbell,Headphones,Electronics,1.0,776.95,2025-03-08,South,Alice,,776.95
ORD1587,Evan Webb,T-shirt,Furniture,1.0,941.85,2024-08-02,West,Eva,,941.85
ORD1121,Dwayne West,Bag,Furniture,3.0,915.94,2024-05-12,North,Eva,20.0,2198.2560000000003
ORD1320,Mrs. Alexis Robbins,Smartphone,Electronics,3.0,241.86,2025-03-24,North,David,15.0,616.743
ORD1711,Gary Sparks,Smartphones,Clothinx,,966.41,2025-03-23,East,Eva,20.0,
ORD1731,Alexandra Bennett,Desk,Furniture,3.0,234.42,2025-12-17,North,Eva,20.0,562.6080000000001
ORD1498,Gary Cervantes,Laptop,Furniture,5.0,538.97,2024-05-06,South,David,10.0,2425.3650000000002
ORD1450,Ruth Smith,Watch,Furniture,,643.77,2025-01-04,West,Charlie,,
ORD1273,Anthony Diaz,Headphones,Furniture,2.0,619.06,2024-10-29,East,Alice,10.0,1114.308
ORD1794,Jose Torres,Keyboard,Electronics,,58.79,2024-09-11,North,Charlie,20.0,
ORD1372,Jared Jimenez,Monitor,Furniture,4.0,449.64,2025-08-22,West,,10.0,1618.704
ORD1356,Dawn Lee,Keyboard,Furniture,4.0,946.82,2025-09-15,West,,5.0,3597.916
ORD1248,Mrs. Jamie Gonzales,Lamp,Electronics,3.0,638.94,2025-06-16,South,Bob,5.0,1820.979
ORD1360,Alyssa Santana,Jacket,Electronics,3.0,191.63,2025-10-20,South,David,10.0,517.401
ORD1357,Jack Tate,Bag,Clothing,2.0,156.27,2025-01-04,East,,15.0,265.659
ORD1305,Kyle Warren,Desk,Furniture,0.0,588.88,2024-10-15,West,Bob,15.0,0.0
ORD1713,Tara Clayton,Laptop,Furniture,4.0,357.6,2025-12-06,South,Bob,15.0,1215.8400000000001
ORD1623,Jessica Bradley,Desk,Electronics,5.0,937.66,2024-06-29,West,,15.0,3985.055
ORD1650,Paula Taylor,Tablet,Furniture,2.0,439.97,2020-06-16,North,Charlie,5.0,835.943
ORD1382,Jason Pennington,Headphones,Furniture,4.0,235.55,2024-05-25,North,Eva,5.0,895.09
ORD1510,Stephanie Morgan,Headphones,Furniture,2.0,43.0,2025-05-05,North,,5.0,81.7
ORD1615,William Wallace,Mouse,Electronics,0.0,890.06,2025-11-26,South,,0.0,0.0
ORD1174,William Bush,Chair,Electronics,,617.93,2025-12-08,North,Bob,,
ORD1286,Brandon Hodges,Tablet,Furniture,3.0,,2024-03-13,West,Eva,5.0,
ORD1345,Michael Murphy,Watch,Clothing,2.0,583.27,2024-08-31,North,Charlie,0.0,1166.54
ORD1428,Bryan Brown,Chair,Furniture,5.0,33.43,2024-07-15,North,David,5.0,158.7925
ORD1325,Natalie Holden,Chair,Electronics,2.0,967.89,2025-01-24,East,Alice,,1935.78
ORD1820,Jessica Miller,Laptop,Electronics,3.0,483.75,2025-10-29,West,Eva,15.0,1233.5625
ORD1298,Jennifer Mclaughlin,Laptop,Electronics,,40.01,2025-06-03,West,David,20.0,
ORD1328,Timothy Rios,Smartphone,Furniture,5.0,605.24,2025-07-18,West,Eva,,3026.2
ORD1196,Tricia Bowen,Desk,Furniture,,739.94,2024-08-17,West,Charlie,10.0,
ORD1586,James Powell,Keyboard,Electronics,3.0,133.14,2024-11-20,West,David,0.0,399.41999999999996
ORD1102,Sherri Martinez,Tablet,Electronics,0.0,890.61,2024-02-01,North,David,0.0,0.0
ORD1470,Elizabeth Andrade,Shoes,Electronics,4.0,997.66,2024-08-26,North,Alice,5.0,3791.1079999999997
ORD1670,James Smith,T-shirt,Clothing,,574.89,2024-09-13,East,Alice,10.0,
ORD1635,Mr. Caleb Walls PhD,Shoes,Clothing,,926.29,2025-10-02,South,David,15.0,
ORD1239,Mark Martinez,Shoes,Furniture,2.0,233.94,2025-10-13,North,Bob,0.0,467.88
ORD1339,Heather Parker,Smartphone,Clothing,1.0,177.04,2025-06-23,North,David,,235.74025330886124
ORD1782,Jennifer Henson,Lamp,Clothing,4.0,417.03,2025-09-15,West,Alice,5.0,1584.7139999999997
ORD1289,Kevin Collins,Jacket,Furniture,,408.1,2025-10-16,East,Alice,5.0,
ORD1831,Carla Burton,Monitor,Electronics,0.0,990.78,2024-05-02,West,Alice,,0.0
ORD1539,Vicki Lutz,Mouse,Furniture,1.0,588.77,2025-09-16,West,Charlie,5.0,559.3315
ORD1199,Diana Pittman,Shoes,Electronics,4.0,903.72,2025-06-30,South,Charlie,0.0,3614.88
ORD1777,Amy Anderson,Tablet,Furniture,3.0,782.86,2026-01-04,East,Charlie,10.0,2814.5580643047497
ORD1721,Kevin Davis,Desk,Electronics,3.0,,2024-07-11,North,Eva,20.0,
ORD1464,Dustin Newman,Desk,Clothing,2.0,,2024-08-14,East,David,20.0,
ORD1167,Stephanie Kim,Mouse,Clothing,3.0,393.39,2025-10-12,North,Charlie,5.0,1121.1615
ORD1616,Sandra Green,Mouse,Electronics,2.0,438.79,2024-04-15,South,David,,877.58
ORD1044,Meghan Mccall,Chair,Electronics,3.0,196.67,2025-01-10,East,David,10.0,531.009
ORD1409,Kevin Lee,Mouse,Furniture,1.0,710.71,2024-03-14,North,Bob,15.0,604.1035
ORD1350,Tina Smith,Smartphone,Electronics,3.0,214.53,2024-03-22,West,,15.0,547.0515
ORD1322,Shannon Weiss,Lamp,Furniture,,312.55,2025-02-09,East,Charlie,10.0,
ORD1487,Cheryl Carey,Mouse,Furniture,5.0,257.58,2024-04-14,South,Alice,,1714.9224595372932
ORD1630,Mark Thomas,Headphones,Electronics,0.0,212.57,2024-07-30,North,Bob,5.0,0.0
ORD1455,Natalie Martin,Keyboard,Electronics,,846.94,2025-08-16,North,Bob,0.0,
ORD1679,William Bell,Smartphone,Furniture,3.0,440.53,2025-11-24,West,Charlie,15.0,1495.8154494175851
ORD1058,Mr. Thomas Gonzalez,Jacket,Clothing,3.0,620.82,2025-06-16,North,Eva,,1862.46
ORD1016,April Mckenzie,Chair,Electronics,,578.39,2025-07-23,South,David,0.0,
ORD1237,Jonathan Mendez,Shoes,Clothing,2.0,742.48,2024-04-19,North,Bob,20.0,1187.968
ORD1036,Teresa Duncan,Lamp,Clothing,2.0,357.77,2024-07-06,West,Eva,,952.7879623397118
ORD1643,Kathryn Smith,Desk,Clothing,3.0,664.6,2025-04-26,East,,10.0,1794.4200000000003
ORD1232,Glen Gutierrez,Watch,Electronics,2.0,,2025-10-31,East,Charlie,,
ORD1105,Lauren Jones,Keyboard,Clothing,3.0,561.6,2024-07-02,North,Charlie,10.0,1516.3200000000002
ORD1191,Thomas Gonzales,Chair,Electronics,2.0,633.65,2025-04-16,South,David,0.0,1267.3
ORD1244,Jasmine Wilson,Desk,Furniture,3.0,739.96,2025-01-13,West,Bob,0.0,2219.88
ORD1089,Eddie Clark,Laptop,Electronics,,436.39,2024-10-17,South,Alice,5.0,
ORD1603,Kenneth Romero,Monitor,Electronics,3.0,133.01,2025-11-28,North,Charlie,0.0,399.03
ORD1291,Candice Miller,Watch,Furniture,3.0,752.34,2025-06-03,North,Eva,0.0,2257.02
ORD1757,Michael Frost,Lamp,Clothing,2.0,272.12,2024-08-04,South,Charlie,20.0,435.39200000000005
ORD1678,Michael Richard,Shoes,Clothing,3.0,94.2,2024-10-04,West,Charlie,10.0,254.34000000000003
ORD1188,Victoria Kelley,Lamp,Furniture,3.0,656.46,2024-10-15,West,Bob,15.0,1673.973
ORD1140,Vicki Gibson,Jacket,Clothing,0.0,546.09,2025-05-20,West,Eva,0.0,0.0
ORD1600,Natasha Nelson,Bag,Clothing,2.0,129.22,2024-06-15,South,Alice,,344.12963773803716
ORD1236,Mark Wu,Lamp,Electronics,1.0,386.15,2024-12-16,East,Alice,20.0,308.92
ORD1529,Troy Garrett,Monitor,Electronics,4.0,563.91,2025-07-23,North,Charlie,10.0,2030.076
ORD1240,Wyatt Vasquez,Bag,Furniture,0.0,717.53,2025-01-07,East,Eva,0.0,0.0
ORD1746,Mark Hernandez,Lamp,Furniture,2.0,345.56,2025-06-27,East,Alice,10.0,622.008
ORD1369,Shawn Smith,Tablet,Furniture,3.0,892.35,2024-08-11,South,,,2677.05
ORD1811,William Fields,T-shirt,Clothing,2.0,145.37,2025-01-24,East,David,5.0,276.203
ORD1536,Joann Mcdonald,Monitor,Furniture,,617.39,2025-02-23,West,Alice,0.0,
ORD1660,Robert Reynolds MD,Mouse,Clothing,4.0,290.8,2024-05-16,West,Bob,0.0,1163.2
ORD1729,Kirk Nguyen,Bag,Electronics,1.0,919.88,2025-10-24,South,,5.0,873.886
ORD1134,Clifford Clark,Headphones,Clothing,4.0,847.45,2024-12-20,South,Bob,20.0,2711.84
ORD1060,Marilyn Nguyen,Monitor,Clothing,3.0,15.15,2025-08-10,South,Bob,20.0,48.41570046492429
ORD1419,Kathy Jacobs,Laptop,Electronics,2.0,653.85,2025-12-15,East,Alice,15.0,1111.545
ORD1152,Katrina Pham,Mouse,Electronics,3.0,420.07,2025-04-17,South,Alice,20.0,1008.1680000000001
ORD1573,Robert Rodriguez,Chair,Clothing,3.0,864.3,2025-05-01,East,David,15.0,2203.9649999999997
ORD1261,Justin Young,Chair,Furniture,4.0,750.8,2025-01-03,West,Alice,5.0,2853.0399999999995
ORD1086,Michael Sullivan,Jacket,Clothing,2.0,944.32,2025-12-19,West,,20.0,1510.9120000000003
ORD1830,Lisa Mckenzie,Bag,Electronics,0.0,867.47,2024-08-27,West,Alice,15.0,0.0
ORD1256,Debbie Henry,Monitor,Electronics,3.0,748.42,2025-07-13,South,,5.0,2132.997
ORD1599,Melissa Lee,Bag,Electronics,1.0,191.07,2024-06-28,South,David,10.0,171.963
ORD1193,James White,Laptop,Electronics,3.0,984.12,2026-01-07,West,Alice,0.0,2952.36
ORD1439,Ashley Taylor,Smartphone,Electronics,1.0,163.24,2024-02-16,West,,0.0,163.24
ORD1481,Victoria Taylor,Desk,Electronics,2.0,189.59,2024-10-04,North,,15.0,322.303
ORD1522,Andrea Gomez,Desks,Furniturs,0.0,146.56,2025-05-14,East,Alice,0.0,0.0
ORD1604,Victoria Long,Monitor,Furniture,1.0,957.5,2025-03-13,North,David,0.0,957.5
ORD1310,Michael Watson,Smartphone,Furniture,2.0,350.73,2025-09-22,East,,,701.46
ORD1764,Jeffrey Lucero,Desk,Clothing,3.0,376.4,2025-12-19,East,David,10.0,1016.2799999999999
ORD1178,Heather Pierce,Mouse,Furniture,3.0,104.61,2025-10-02,South,,0.0,417.8850186168093
ORD1156,Cindy Parker,Tablet,Clothing,1.0,728.25,2025-12-27,East,Charlie,,728.25
ORD1742,Shari Walsh,Monitor,Furniture,3.0,741.24,2025-09-12,West,Bob,20.0,1778.9760000000003
ORD1437,Grant Blevins,Desk,Electronics,2.0,788.65,2024-11-28,West,,20.0,1261.8400000000001
ORD1512,William Rodriguez,Keyboard,Clothing,2.0,659.5,2025-02-04,West,Alice,20.0,1055.2
ORD1432,Joseph Robinson,Lamp,Furniture,5.0,,2025-12-09,West,David,5.0,
ORD1231,Julia Stevens,Desk,Electronics,1.0,669.04,2025-12-16,East,David,0.0,669.04
ORD1092,Kelli Martinez,Laptop,Furniture,5.0,371.7,2024-09-01,West,David,15.0,1579.725
ORD1367,Kayla Anderson,Lamp,Furniture,0.0,102.34,2024-05-03,South,David,20.0,0.0
ORD1567,Karen Nelson,Monitor,Clothing,5.0,280.34,2024-12-06,East,Eva,5.0,1773.1318199835023
ORD1402,John Shields,Desk,Electronics,2.0,64.23,2025-07-17,South,Alice,0.0,128.46
ORD1014,Jessica Brewer,Monitor,Clothing,3.0,134.97,2024-06-15,West,Bob,10.0,364.419
ORD1501,Joe Williams,Desk,Furniture,5.0,360.28,2024-11-18,East,Charlie,5.0,1711.3299999999997
ORD1173,Shannon Myers,Monitor,Clothing,3.0,737.52,2024-11-06,East,Eva,20.0,1770.048
ORD1685,Ashlee Payne,Smartphone,Electronics,2.0,47.52,2020-02-25,North,Bob,5.0,90.288
ORD1300,Matthew Gilbert,DeskX,Furnitur,3.0,516.53,2025-08-08,North,,,1549.59
ORD1552,Frank Price,Laptop,Clothing,3.0,,2024-04-04,West,Eva,10.0,
ORD1064,Ryan Leblanc,Lamp,Furniture,,415.3,2025-04-27,North,Alice,,
ORD1495,Dana Sanders,Watch,Clothing,2.0,214.2,2025-05-05,West,Alice,10.0,385.56
ORD1396,Andrea Bond,Lamp,Electronics,0.0,534.86,2025-03-16,East,Alice,0.0,0.0
ORD1323,Teresa Sherman,Laptop,Clothing,0.0,374.8,2024-09-22,West,Alice,5.0,0.0
ORD1388,Danielle Ramirez,Headphones,Electronics,1.0,907.26,2025-12-01,North,Alice,5.0,861.8969999999999
ORD1171,Jonathan Reed,Bag,Furniture,1.0,485.41,2024-08-15,West,Eva,,485.41
ORD1275,Todd Hutchinson,MouseX,Furnitur,2.0,430.64,2024-05-17,North,,0.0,861.28
ORD1303,Robert Beard,Mouse,Clothing,1.0,822.34,2024-05-02,West,Charlie,10.0,740.106
ORD1845,Michael Callahan,Lamp,Furniture,4.0,686.9,2024-11-30,West,Charlie,5.0,2610.22
ORD1148,Michael Odom,Lamp,Furniture,3.0,246.86,2024-10-24,North,Eva,5.0,703.551
ORD1836,Patricia Shaw,Keyboard,Electronics,,551.4,2024-10-12,North,David,0.0,
ORD1689,Mr. Adam Phillips MD,Mouse,Furniture,1.0,739.26,2024-08-16,East,Bob,,739.26
ORD1063,Dana Martinez,Laptop,Furniture,3.0,849.3,2026-01-10,South,David,15.0,2165.7149999999997
ORD1266,Andrea Williamson,Laptop,Clothing,5.0,497.96,2025-05-08,West,Eva,5.0,2365.3099999999995
ORD1403,Carrie Silva,Keyboard,Electronics,3.0,712.93,2024-10-05,East,Bob,,2138.79
ORD1843,Philip Beck,SmartphoneX,Clothinx,3.0,796.96,2025-01-27,North,,5.0,2271.336
ORD1157,Edgar Patton,Monitor,Furniture,3.0,952.85,2025-01-10,South,,15.0,2429.7675
ORD1061,David Jefferson,T-shirt,Electronics,1.0,623.65,2024-03-19,East,Alice,15.0,530.1025
ORD1527,Sarah Andersen,Bag,Clothing,3.0,523.75,2023-11-10,South,Bob,,1571.25
ORD1715,Christine Potter,Lamp,Electronics,1.0,82.85,2024-03-15,West,Charlie,5.0,78.7075
ORD1254,Hannah Morgan,Desk,Clothing,4.0,913.52,2025-06-06,North,Alice,5.0,3471.3759999999997
ORD1126,Stacey Kramer,T-shirt,Electronics,2.0,245.87,2024-12-15,West,David,5.0,467.15299999999996
ORD1377,Eric Little,Bag,Clothing,1.0,520.28,2024-04-21,North,Alice,20.0,416.224
ORD1774,Julie Cochran,Bag,Clothing,4.0,645.06,2025-10-10,South,Eva,20.0,2064.192
ORD1389,Mark Mcconnell,Bag,Furniture,4.0,512.7,2024-10-11,West,Charlie,20.0,1640.6400000000003
ORD1124,Meagan Holder,Smartphone,Furniture,2.0,263.62,2025-04-09,North,Eva,15.0,448.154
ORD1001,Tracy Perez,Keyboard,Clothing,,964.58,2025-10-23,East,David,10.0,
ORD1263,Jeffrey Duncan,Chair,Furniture,2.0,362.23,2024-07-25,North,Alice,15.0,615.791
ORD1574,Julia Schroeder,Keyboard,Electronics,,624.53,2025-04-02,East,,10.0,
ORD1642,Jennifer Miller,Jacket,Clothing,0.0,260.94,2024-06-16,North,David,,0.0
ORD1477,Christina Smith,Monitor,Furniture,5.0,619.26,2024-10-11,West,Bob,5.0,2941.485
ORD1221,Michael Beasley,Jacket,Clothing,4.0,889.15,2025-12-22,West,Alice,20.0,2845.28
ORD1556,Terrence Wilson,Shoes,Clothing,5.0,150.6,2024-03-30,South,David,5.0,715.35
ORD1720,Tanya Fernandez,Tablet,Electronics,0.0,80.08,2025-02-21,East,Bob,,0.0
ORD1308,Susan Morgan,Tablet,Clothing,3.0,55.8,2025-07-05,South,Eva,0.0,167.39999999999998
ORD1634,Adam Beard,Desk,Electronics,2.0,274.76,2024-10-10,West,,0.0,549.52
ORD1722,Robert Bishop,T-shirt,Clothing,,862.37,2024-02-15,East,Bob,20.0,
ORD1088,Lisa Davies,Desk,Electronics,4.0,635.07,2025-08-14,West,Bob,15.0,2159.2380000000003
ORD1307,Kyle Lynch,Desk,Electronics,2.0,119.62,2023-02-08,North,,10.0,215.316
ORD1614,Scott Holt,Desk,Electronics,0.0,445.98,2025-06-25,East,,10.0,0.0
ORD1319,Ricky White,Bag,Furniture,5.0,628.67,2024-10-07,East,David,,3143.35
ORD1511,James Wilson,T-shirt,Electronics,2.0,849.84,2025-02-05,North,,5.0,1614.696
ORD1612,Duane Rose II,Tablet,Electronics,5.0,385.91,2025-11-12,West,Alice,5.0,1833.0725
ORD1548,Betty Jackson,Smartphone,Furniture,2.0,70.21,2025-09-25,East,,20.0,112.336
ORD1316,Juan Miller,Monitor,Electronics,3.0,893.32,2024-11-19,South,Bob,20.0,2143.9680000000003
ORD1119,Eric Kaiser,Desk,Furniture,3.0,523.24,2025-11-03,South,Alice,10.0,1412.748
ORD1387,Jordan Black,Lamp,Electronics,5.0,243.75,2025-10-23,North,Alice,15.0,1379.418033563875
ORD1120,Christina Jimenez,Keyboard,Electronics,2.0,637.01,2025-10-10,East,Bob,,1274.02
ORD1374,Ryan Morris,Monitor,Furniture,,794.43,2024-04-30,North,Alice,20.0,
ORD1445,Joseph Mathis,Tablet,Clothing,2.0,573.96,2024-04-10,North,Charlie,15.0,975.7320000000001
ORD1415,Robert Medina,Watch,Clothing,5.0,134.02,2024-09-10,West,Charlie,15.0,569.585
ORD1072,Elizabeth Nicholson,Shoes,Clothing,5.0,914.58,2025-06-25,South,Bob,20.0,3658.3200000000006
ORD1062,Kimberly Williams,Shoes,Furniture,4.0,205.56,2024-12-24,South,Eva,0.0,822.24
ORD1205,Amy Ortiz,Keyboard,Electronics,4.0,252.12,2025-11-28,North,Alice,,1008.48
ORD1667,Edward Perry,Chair,Electronics,5.0,350.19,2025-12-26,North,David,5.0,1663.4025
ORD1172,Benjamin Morris,Shoes,Furniture,5.0,725.04,2025-03-04,South,Charlie,20.0,2900.16
ORD1283,Donna Phillips,Desk,Furniture,1.0,349.5,2025-11-16,South,David,5.0,332.025
ORD1447,Eric Lopez,Headphones,Clothing,3.0,878.39,2024-11-11,East,David,15.0,2239.8945
ORD1274,Jesse Jenkins,Mouse,Clothing,3.0,367.84,2025-01-12,East,Eva,15.0,937.992
ORD1538,Samantha Wells,Desk,Furniture,1.0,964.0,2025-06-14,North,Bob,,964.0
ORD1109,Christopher Anderson,Watchs,Furniturs,2.0,925.53,2024-09-11,East,David,,1851.06
ORD1082,Scott Cunningham,Headphones,Furniture,2.0,493.21,2025-06-08,South,Bob,5.0,937.0989999999999
ORD1020,John Gardner,Jacket,Furniture,3.0,635.55,2025-03-12,South,,20.0,1525.32
ORD1214,Scott Weiss,Headphones,Clothing,0.0,468.26,2025-05-20,North,Bob,,0.0
ORD1521,Kelly Green,Tablet,Furniture,3.0,704.99,2025-04-11,South,Alice,5.0,2009.2215
ORD1596,Fernando Hayes,Laptop,Electronics,2.0,110.18,2025-10-20,East,Charlie,0.0,220.36
ORD1652,John Cobb,Smartphone,Furniture,,555.21,2025-05-08,West,,5.0,
ORD1585,Jonathan Howell,Bag,Furniture,1.0,16.58,2026-01-01,South,David,5.0,15.750999999999998
ORD1815,Brian Glenn,T-shirt,Clothing,4.0,20.32,2024-05-07,North,Charlie,,81.28
ORD1368,Samuel Riley,Mouse,Electronics,,,2025-01-24,South,,,
ORD1083,Victor Jensen,T-shirt,Furniture,3.0,108.86,2025-08-30,West,Charlie,,326.58
ORD1333,Theresa Thompson,Bag,Electronics,,301.69,2024-02-15,North,Eva,10.0,
ORD1819,Elaine Fuller,Watch,Furniture,3.0,974.47,2025-10-17,North,Charlie,15.0,2484.8985
ORD1146,Heather Smith,Laptop,Electronics,0.0,,2024-04-16,South,Alice,0.0,
ORD1034,Gregory Summers,T-shirt,Electronics,3.0,756.74,2025-12-11,East,Charlie,5.0,2156.7090000000003
ORD1483,Kimberly Boyer,Keyboard,Clothing,4.0,991.72,2024-01-29,West,,20.0,3173.5040000000004
ORD1327,Dustin Hunter,Desk,Electronics,4.0,211.12,2024-05-01,North,Alice,15.0,717.808
ORD1099,Jacqueline Freeman,Smartphone,Clothing,5.0,596.08,2023-11-21,West,,10.0,2682.36
ORD1693,Richard Bennett,T-shirt,Clothing,2.0,185.69,2025-02-10,East,Charlie,0.0,371.38
ORD1755,Rebecca Jones,Chair,Clothing,5.0,458.44,2024-02-27,South,Eva,5.0,2177.5899999999997
ORD1045,Joseph Davidson,Keyboard,Furniture,3.0,656.23,2024-06-12,North,Bob,10.0,1771.8210000000001
ORD1837,Bradley Harris,Watch,Electronics,2.0,506.4,2025-04-26,East,Alice,,1012.8
ORD1605,Colleen Kelly,Tablet,Electronics,0.0,281.19,2024-05-23,West,Charlie,15.0,0.0
ORD1090,Victoria Bailey,Monitor,Electronics,0.0,937.48,2025-04-17,West,Charlie,20.0,0.0
ORD1835,Kim Richardson,T-shirt,Electronics,3.0,830.36,2024-09-23,West,Charlie,15.0,2117.4179999999997
ORD1218,James Garcia,Watch,Furniture,2.0,917.99,2024-03-07,East,Eva,5.0,1744.181
ORD1250,Joshua Nolan,T-shirt,Clothing,0.0,628.15,2024-08-23,East,Eva,5.0,0.0
ORD1551,Kimberly Foster,Lamp,Electronics,,440.9,2025-10-06,North,,0.0,
ORD1224,Kevin Gray,Laptop,Clothing,5.0,321.34,2025-09-03,West,Bob,20.0,1285.36
ORD1114,Jacob Melendez,Shoes,Electronics,4.0,964.37,2025-08-16,East,Bob,15.0,3278.8579999999997
ORD1543,Brian Johnson,Smartphone,Electronics,0.0,63.96,2025-06-21,West,Eva,15.0,0.0
ORD1206,Sara Coleman,T-shirt,Clothing,3.0,690.33,2025-06-17,East,David,10.0,1863.8910000000003
ORD1332,Jared Nelson,Shoes,Furniture,,637.95,2024-06-13,East,,,
ORD1251,Caitlin Brown,Tablet,Furniture,3.0,322.58,2025-03-09,South,Eva,10.0,870.966
ORD1354,Amy Lamb,Smartphone,Electronics,4.0,243.2,2024-12-18,South,,20.0,778.24
ORD1789,Martin Rice,Chair,Clothing,0.0,763.44,2026-01-05,South,Charlie,0.0,0.0
ORD1038,Steven Hughes,Smartphone,Electronics,0.0,241.34,2024-12-11,South,Bob,0.0,0.0
ORD1706,Mark Hill,Chair,Clothing,0.0,717.68,2025-01-06,North,Eva,20.0,0.0
ORD1628,Christopher Moore,Tablet,Furniture,3.0,689.69,2024-04-06,North,Charlie,,2069.07
ORD1681,Tracy Spears,Monitor,Clothing,4.0,534.69,2025-07-17,West,,,2138.76
ORD1723,Thomas Taylor,Watch,Clothing,1.0,232.6,2025-06-02,West,Eva,5.0,220.96999999999997
ORD1712,Samantha Ford,Monitor,Furniture,4.0,861.42,2024-08-22,East,,,3445.68
ORD1745,Ashlee Barrett,Shoes,Furniture,3.0,29.85,2025-03-11,East,,0.0,89.55000000000001
ORD1687,Charles Waters,Watch,Furniture,0.0,600.83,2025-01-24,South,Alice,,0.0
ORD1779,Diane Best,Chair,Clothing,2.0,762.96,2024-06-25,West,David,5.0,1449.624
ORD1142,Tanya Serrano,Tablet,Furniture,1.0,976.07,2025-03-05,East,,,976.07
ORD1584,Timothy Schultz,Headphones,Furniture,0.0,698.04,2024-10-02,North,,,0.0
ORD1709,Richard Smith,Watch,Clothing,2.0,15.35,2025-03-27,North,Alice,20.0,24.560000000000002
ORD1408,David Noble,Headphones,Clothing,3.0,919.35,2025-07-03,South,Eva,10.0,2482.2450000000003
ORD1003,Scott Sosa,Lamp,Electronics,2.0,690.6,2024-03-28,East,,5.0,1312.1399999999999
ORD1066,Heather Nelson,Tablet,Furniture,0.0,465.46,2024-11-27,North,Eva,5.0,0.0
ORD1190,Amy Anderson,Watch,Electronics,1.0,907.94,2024-07-01,South,David,10.0,817.1460000000001
ORD1814,Nathan Burgess II,Monitor,Furniture,4.0,788.13,2024-09-19,East,Eva,10.0,2837.268
ORD1342,Mr. Blake Bray,T-shirt,Clothinx,1.0,335.17,2025-06-15,West,,5.0,318.4115
ORD1577,Scott Miller,Desk,Furniture,3.0,87.0,2025-01-02,West,Eva,0.0,261.0
ORD1000,Angela Martinez,Keyboard,Furniture,,318.34,2025-03-27,East,Charlie,0.0,
ORD1698,Sierra Ward,Mouse,Electronics,2.0,96.04,2024-11-08,North,,20.0,153.66400000000002
ORD1633,James Little,Headphones,Clothing,,830.06,2024-10-19,South,Eva,0.0,
ORD1200,Nicole Norris,Mouse,Electronics,4.0,594.54,2025-03-05,South,,,2378.16
ORD1602,Matthew Pena,Lamp,Clothing,2.0,97.82,2025-12-02,East,Charlie,,195.64
ORD1824,James Mccarthy,Jacket,Clothing,2.0,419.55,2024-06-22,North,Eva,,839.1
ORD1486,Tyler Lang,Jacket,Clothing,4.0,353.73,2024-04-10,East,Bob,5.0,1344.174
ORD1509,Kelly Davis,Desk,Furniture,2.0,311.79,2025-08-03,South,Eva,20.0,498.86400000000003
ORD1423,Lisa Davis,Desk,Electronics,4.0,211.66,2024-11-15,East,Eva,,846.64
ORD1783,Brittany Smith,Tablet,Furniture,2.0,954.38,2024-03-19,East,Bob,0.0,1908.76
ORD1778,Mark Gonzalez,Lamp,Clothing,2.0,925.61,2024-04-07,West,,10.0,1666.098
ORD1271,Kelly Lopez,Chair,Furniture,4.0,567.34,2024-11-18,South,David,15.0,1928.9560000000001
ORD1569,Daniel Harris,Headphones,Furniture,3.0,472.32,2024-06-10,East,Charlie,0.0,1416.96
ORD1211,Dana King,Mouse,Electronics,5.0,257.85,2025-02-08,East,Bob,15.0,1095.8625
ORD1609,Ashley King,Lamp,Clothing,4.0,273.74,2024-09-14,North,David,,1094.96
ORD1418,Mark Scott,Monitor,Electronics,3.0,515.52,2025-12-27,East,,15.0,1314.576
ORD1346,Mario Golden,Shoes,Furniture,5.0,625.56,2025-03-15,South,Bob,10.0,2815.02
ORD1270,Anne Hill,Lamp,Electronics,4.0,558.78,2024-10-26,South,David,0.0,2235.12
ORD1718,Tracy Ochoa,Watch,Furniture,3.0,874.66,2026-01-01,South,Alice,10.0,2361.582
ORD1138,Karen Carey,Bag,Electronics,,845.33,2024-01-29,West,,5.0,
ORD1817,Jeremy Murphy,Laptop,Clothing,3.0,934.22,2025-10-12,North,Bob,5.0,2662.5269999999996
ORD1324,Elizabeth Jensen,Shoes,Furniture,5.0,858.38,2025-03-22,South,Bob,20.0,3433.52
ORD1751,Javier Jordan,Desk,Electronics,2.0,23.39,2025-07-02,East,Eva,0.0,46.78
ORD1149,Nathan Callahan,Bag,Clothing,1.0,117.46,2024-11-08,South,Charlie,,117.46
ORD1648,Travis Rodriguez,Lamp,Clothing,2.0,463.52,2025-10-09,South,Charlie,5.0,880.6879999999999
ORD1175,Angel Burton,Keyboard,Furniture,0.0,562.4,2024-11-05,North,Eva,,0.0
ORD1278,Gregory Baker,Keyboard,Electronics,3.0,605.64,2025-07-11,East,,20.0,1453.536
ORD1736,Kari Wheeler,T-shirt,Furniture,3.0,727.6,2024-01-22,West,David,15.0,1855.38
ORD1759,Gary Jensen,Jacket,Clothing,2.0,25.6,2024-06-17,North,Eva,,51.2
ORD1625,Jenna Williamson,Lamp,Clothing,4.0,258.29,2025-01-08,North,Charlie,20.0,826.5280000000001
ORD1337,Stacey Davis,Headphones,Clothing,2.0,993.2,2025-06-14,West,Bob,5.0,1887.08
ORD1500,Derrick Schneider,Desk,Electronics,4.0,216.38,2025-12-11,West,David,15.0,735.692
ORD1645,Cindy Holland,Monitor,Furniture,4.0,187.41,2025-08-09,East,Bob,10.0,674.676
ORD1040,Robert Perez,Desk,Furniture,1.0,420.21,2024-06-21,North,Eva,5.0,399.19949999999994
ORD1033,Jason Steele,Smartphone,Electronics,2.0,471.86,2024-07-08,West,Bob,0.0,943.72
ORD1179,Kimberly Mejia,Desk,Electronics,3.0,346.93,2025-10-04,North,Alice,0.0,1040.79
ORD1654,Robert Garcia,Bag,Furniture,3.0,801.65,2024-04-02,West,,0.0,2404.95
ORD1758,Lindsey Perez,Lamp,Furniture,2.0,797.69,2025-08-27,East,Bob,0.0,1595.38
ORD1416,Charlotte Ramirez,Shoes,Electronics,2.0,833.06,2025-04-12,North,,10.0,1499.508
ORD1189,Michael Clayton,Chair,Clothing,2.0,271.99,2025-12-10,East,Bob,20.0,435.184
ORD1217,John Forbes,Desk,Electronics,1.0,78.09,2025-05-11,West,Charlie,5.0,74.1855
ORD1247,Samantha Caldwell,Jacket,Clothing,2.0,687.88,2025-05-27,South,Alice,15.0,1169.396
ORD1155,Anthony Gomez,Monitor,Electronics,2.0,360.74,2025-11-27,South,Alice,5.0,685.406
ORD1578,Derek Barr,Watch,Furniture,,850.37,2025-01-11,West,Alice,20.0,
ORD1473,Mary Reynolds,Headphones,Electronics,5.0,597.55,2025-11-19,South,David,0.0,2987.75
ORD1285,Michelle Perry,T-shirt,Electronics,3.0,255.97,2024-05-03,South,Eva,20.0,614.328
ORD1594,Jared Kim,Smartphone,Furniture,3.0,309.07,2026-01-12,South,David,15.0,788.1285
ORD1726,Tina Sloan,T-shirt,Electronics,2.0,670.24,2025-04-30,West,Charlie,10.0,1606.4425286936066
ORD1671,Taylor Johnson,Shoes,Clothing,4.0,551.07,2025-09-24,East,Eva,10.0,1983.8520000000003
ORD1469,Molly Lewis,Tablet,Electronics,2.0,507.5,2024-03-20,North,,20.0,812.0
ORD1225,Douglas Morales,Desk,Clothing,5.0,647.54,2025-07-13,West,,20.0,2590.16
ORD1215,Deanna Moore,Chair,Clothing,5.0,614.57,2025-11-01,North,,20.0,2458.2800000000007
ORD1571,Bruce Williamson,Tablet,Electronics,1.0,132.62,2024-08-09,South,David,0.0,132.62
ORD1456,Jason Sanders,Keyboard,Furniture,2.0,670.57,2024-07-20,South,Eva,15.0,1139.969
ORD1692,Mr. Curtis Hunt,Desk,Electronics,0.0,911.29,2025-05-26,East,Alice,20.0,0.0
ORD1665,William Robles,Desk,Clothing,4.0,919.09,2025-08-13,North,,20.0,2941.088
ORD1430,Nicholas Wilson,Keyboard,Clothing,1.0,993.81,2025-02-13,South,David,5.0,944.1194999999999
ORD1449,Michael Lewis,Shoes,Furniture,2.0,979.62,2025-11-02,East,Alice,,1959.24
ORD1394,Gary Adams,Mouse,Clothing,5.0,428.49,2025-03-05,South,Eva,0.0,2142.45
ORD1776,Leslie Carlson,Headphones,Electronics,2.0,763.59,2024-01-15,North,Eva,5.0,1450.821
ORD1427,Sonya Baker,Tablet,Furniture,2.0,371.16,2025-11-19,West,,0.0,742.32
ORD1732,Cody Sanders,Keyboard,Furniture,,321.76,2025-06-03,East,Charlie,5.0,
ORD1793,David Kelly,Shoes,Electronics,2.0,492.2,2025-08-02,West,Charlie,5.0,935.18
ORD1133,Christopher Gutierrez,Jacket,Furniture,3.0,86.16,2025-02-18,West,Bob,20.0,206.78400000000002
ORD1433,Jaclyn Perkins,T-shirt,Clothing,3.0,892.6,2024-12-14,East,,,2677.8
ORD1534,Nicole Bailey,Monitor,Furniture,0.0,617.87,2024-02-23,West,Charlie,20.0,0.0
ORD1371,Maria Sharp,T-shirt,Electronics,2.0,669.65,2024-10-16,North,Alice,,1339.3
ORD1264,Cody Willis,Mouse,Clothing,3.0,173.16,2025-10-12,West,Bob,,519.48
ORD1476,Tyrone Ferguson,T-shirt,Furniture,3.0,974.29,2025-06-26,South,Alice,,2922.87
ORD1550,Lindsey Davenport,T-shirt,Clothing,3.0,948.69,2024-02-19,East,,10.0,2561.463
ORD1491,Sandra Chen,Chair,Furniture,5.0,503.59,2020-02-18,North,Alice,20.0,2014.36
ORD1381,Rebekah Bailey,Tablet,Clothing,3.0,35.82,2025-10-09,South,Alice,0.0,107.46000000000001
ORD1638,Mr. Andrew Schneider,Chair,Electronics,2.0,810.36,2025-01-24,West,Eva,20.0,1296.576
ORD1827,James Delacruz,Headphones,Clothing,2.0,804.81,2024-03-29,South,,20.0,1714.6508202937607
ORD1621,Sarah Sparks,Bag,Electronics,4.0,964.79,2025-06-13,West,,10.0,3473.244
ORD1246,Nathaniel Brock,Smartphone,Electronics,4.0,204.4,2024-04-22,South,Eva,20.0,654.08
ORD1505,Felicia Bruce,Jacket,Furniture,3.0,40.58,2024-03-12,West,Eva,10.0,109.566
ORD1101,Pamela Patterson,Watch,Clothing,4.0,730.55,2025-07-14,North,Alice,10.0,2629.98
ORD1530,Melissa Yoder,Bag,Electronics,4.0,576.98,2025-10-14,North,Eva,0.0,2307.92
ORD1737,Ashley Murray,Lamp,Electronics,3.0,538.56,2024-11-24,West,David,10.0,1454.1119999999999
ORD1268,Jason Mccann,Tablet,Electronics,1.0,590.44,2024-03-10,South,David,20.0,472.3520000000001
ORD1744,Brandi Brown,Watch,Furniture,,737.13,2024-03-08,North,Alice,,
ORD1639,Mariah Jennings,Watch,Clothing,4.0,493.67,2026-01-12,North,,,1974.68
ORD1015,Amanda Cooper,Keyboard,Electronics,1.0,61.76,2024-12-27,West,Alice,0.0,82.23744941456886
ORD1523,John Kirby,Bag,Furniture,2.0,774.3,2026-01-09,South,Eva,20.0,1238.88
ORD1365,Travis Hudson,T-shirt,Furniture,1.0,438.04,2024-08-28,East,Alice,10.0,394.23600000000005
ORD1672,Christopher Pacheco,Mouse,Furniture,2.0,868.22,2025-10-31,West,Charlie,15.0,1475.974
ORD1519,Amanda Hill,T-shirt,Clothing,0.0,175.24,2025-07-05,West,Charlie,5.0,0.0
ORD1818,Hunter Armstrong,Headphones,Furniture,0.0,78.22,2024-07-05,North,Bob,0.0,0.0
ORD1653,Christina Williams,Keyboard,Furniture,,794.97,2025-03-23,South,,0.0,
ORD1485,Christopher Garza,Bag,Clothing,3.0,859.06,2024-02-24,East,Alice,10.0,2319.462
ORD1039,Michelle Harvey,TabletX,Furnitur,2.0,147.76,2025-01-15,East,Eva,5.0,280.74399999999997
ORD1839,Cynthia Henderson,Laptop,Furniture,3.0,387.87,2025-03-19,South,Bob,15.0,989.0685000000001
ORD1258,Thomas Norton,Watch,Clothing,2.0,853.07,2025-03-30,East,Eva,0.0,1706.14
ORD1386,Dennis Henry,Headphones,Furniture,4.0,487.55,2024-08-07,North,,20.0,1560.16
ORD1385,Mark Juarez,Jacket,Clothing,5.0,427.25,2024-11-30,North,,10.0,1922.625
ORD1838,Steven Reynolds,Watch,Electronics,2.0,250.67,2024-08-08,West,David,5.0,476.27299999999997
ORD1453,Gregory Mendoza,Laptop,Electronics,3.0,672.0,2026-01-02,South,Bob,15.0,1713.6
ORD1467,John White,T-shirt,Electronics,3.0,666.99,2024-03-23,West,Eva,15.0,1700.8245
ORD1209,Jeffrey Wood,Jacket1,Furniturs,2.0,542.12,2024-08-14,North,Eva,20.0,867.392
ORD1802,Michael Morales,Headphones,Clothing,2.0,611.26,2025-07-12,West,Eva,0.0,1222.52
ORD1464,Dustin Newman,Desk,Clothing,2.0,,2024-08-14,East,David,20.0,
ORD1071,Crystal Huynh,Lamp,Electronics,2.0,389.27,2024-06-17,South,David,0.0,778.54
ORD1484,Wesley Goodman,Mouse,Clothing,2.0,338.22,2025-10-18,East,Eva,10.0,608.796
ORD1163,Mrs. Michele Fox,Keyboard,Furniture,5.0,,2025-02-16,South,Alice,20.0,
ORD1296,Keith Massey,Mouse,Electronics,1.0,259.37,2025-09-29,East,David,20.0,207.496
ORD1710,Shannon Dean,Headphones,Clothing,3.0,28.75,2025-02-26,East,Eva,15.0,73.3125
ORD1507,Sandra Ellis,Headphones,Furniture,2.0,280.58,2025-06-02,East,David,20.0,448.928
ORD1007,Amanda Pope,Laptop,Furniture,3.0,727.96,2025-04-17,North,Alice,20.0,1747.1040000000003
ORD1267,Tammy Jackson,Headphones,Furniture,2.0,221.4,2025-05-26,West,Eva,10.0,398.52000000000004
ORD1503,Elizabeth Eaton,Lamp,Electronics,4.0,76.07,2025-07-10,East,Alice,20.0,243.42399999999998
ORD1306,James Silva,Laptop,Clothing,3.0,377.19,2024-04-22,West,Charlie,15.0,961.8344999999999
ORD1426,Nicole Flores,Desk,Electronics,2.0,606.24,2025-08-11,West,David,10.0,1091.232
ORD1613,Thomas Johnson,Mouse,Clothing,2.0,830.11,2025-12-30,South,Charlie,5.0,1577.209
ORD1378,Mary Villarreal,Tablet,Furniture,3.0,,2024-12-24,South,David,0.0,
ORD1840,Matthew Molina,Tablet,Furniture,0.0,217.54,2025-09-24,North,,20.0,0.0
ORD1761,Brent Davidson,Chair,Clothing,1.0,175.33,2024-09-07,South,,5.0,166.5635
ORD1553,Bryan Gonzalez,Smartphone,Furniture,0.0,676.14,2024-11-01,North,Bob,0.0,0.0
ORD1096,Matthew Small,WatchX,Furniturx,0.0,170.98,2025-02-25,West,Charlie,20.0,0.0
ORD1833,Lindsey Ramos,Monitor,Clothing,2.0,833.85,2024-12-22,North,David,,1667.7
ORD1686,Susan Martin,Lamp,Clothing,5.0,323.14,2024-02-17,West,Charlie,,1615.6999999999998
ORD1590,Thomas Reeves,Laptop,Clothing,0.0,370.26,2026-01-13,East,David,10.0,0.0
ORD1446,Kenneth Miller PhD,Laptop,Clothing,3.0,451.07,2024-01-21,South,Eva,15.0,1531.6039197530022
ORD1025,Timothy Johnson,Laptop,Clothing,1.0,43.28,2026-01-11,South,,5.0,41.116
ORD1057,Erik Blake,Shoes,Furniture,4.0,137.26,2024-07-22,North,Eva,,549.04
ORD1765,Steven Nelson,Bag,Electronics,3.0,126.98,2025-11-04,East,David,0.0,380.94
ORD1078,Madeline Stokes,Chair,Furniture,2.0,898.7,2024-08-07,West,,15.0,1527.79
ORD1842,Jessica Jones,Desk,Electronics,1.0,165.46,2024-12-08,East,,10.0,148.91400000000002
ORD1375,Scott Porter,Smartphone,Clothing,3.0,774.24,2025-11-08,East,Alice,5.0,2206.5840000000003
ORD1213,Mrs. Elizabeth Atkins,Smartphone,Electronics,,837.3,2025-07-15,West,,0.0,
ORD1067,Brianna Cummings,Keyboard,Electronics,4.0,730.11,2025-03-29,West,Charlie,5.0,2774.418
ORD1382,Jason Pennington,Headphones,Furniture,4.0,235.55,2024-05-25,North,Eva,5.0,895.09
ORD1760,Fred Crawford,Monitor,Electronics,4.0,,2024-05-09,West,Alice,15.0,
ORD1531,Matthew Vazquez,Headphones,Clothing,3.0,133.59,2024-05-17,East,Bob,,400.77
ORD1276,Valerie Mcbride,Desk,Clothing,4.0,942.52,2025-09-15,East,David,,3770.08
ORD1390,Taylor Garcia,Shoes,Furniture,4.0,881.24,2024-07-19,East,Bob,0.0,3524.96
ORD1031,Willie Hansen,Headphones,Furniture,5.0,768.91,2024-11-23,West,,20.0,3075.64
ORD1560,Brad Kaiser,Shoes,Furniture,4.0,52.78,2025-05-26,West,David,,211.12
ORD1242,Jay Alvarado,Chair,Electronics,1.0,276.44,2025-08-20,East,Eva,15.0,234.974
ORD1570,Duane Schmitt,Keyboard,Furniture,2.0,231.86,2025-02-04,West,Charlie,15.0,394.16200000000003
ORD1293,Jordan Willis,Shoes,Electronics,,864.48,2025-10-19,North,Bob,20.0,
ORD1343,Michael Wilkerson,Monitor,Electronics,,750.74,2025-09-24,East,,10.0,
ORD1085,John Bush,Jacket,Electronics,,507.07,2020-09-23,North,Alice,0.0,
ORD1434,Courtney Williams,Lamp,Clothing,,598.49,2024-07-05,West,Alice,,
ORD1143,Sarah Smith,Tablet,Electronics,0.0,282.54,2024-08-03,North,Charlie,,0.0
ORD1097,Tommy Snow,T-shirt,Electronics,3.0,354.76,2025-06-03,South,David,10.0,957.852
ORD1792,Angelica Erickson,Jacket,Furniture,2.0,395.56,2025-09-01,North,David,0.0,791.12
ORD1753,Douglas Williams,Chair,Clothing,5.0,689.82,2024-02-20,South,David,10.0,3104.1900000000005
ORD1791,Natalie Williamson,Bag,Clothing,1.0,457.38,2024-12-31,North,David,,457.38
ORD1021,Danielle Warren,Bag,Electronics,4.0,896.76,2025-01-06,West,Charlie,5.0,3407.6879999999996
ORD1513,Kathy Davis,Headphones,Electronics,2.0,549.97,2025-08-23,South,Charlie,10.0,989.946
ORD1516,Bryce Hoffman,Desk,Clothins,2.0,798.5,2024-07-30,East,Eva,5.0,1517.1499999999999
ORD1576,Jennifer Stephens,Shoes,Electronics,5.0,258.33,2024-06-24,West,,5.0,1227.0674999999999
ORD1705,Albert Lynch,Smartphone,Electronics,3.0,554.29,2025-04-20,East,Alice,15.0,1413.4395
ORD1493,Frank Gibson,Mouse,Electronics,2.0,411.24,2024-01-28,West,David,,822.48
ORD1528,Miranda Thompson,Monitor,Electronics,3.0,840.99,2024-05-05,South,Charlie,0.0,3359.4983443891647
ORD1176,Ruth Hall,Headphones,Furniture,,922.87,2025-02-18,North,Charlie,,
ORD1610,Thomas Murray,Monitor,Clothing,0.0,995.32,2024-10-12,North,Eva,0.0,0.0
ORD1422,Gerald Bartlett,Laptop,Clothing,3.0,137.95,2024-03-12,West,Alice,15.0,351.7725
ORD1042,Zachary Miller,Chair,Furniture,,277.0,2024-08-17,North,,0.0,
ORD1027,Debra May,Bag,Furniture,0.0,38.78,2024-02-23,South,,20.0,0.0
ORD1353,Leah Mendoza,Monitor,Electronics,3.0,189.3,2025-12-10,South,Bob,5.0,539.5050000000001
ORD1607,Rebecca Powell,Desk,Electronics,3.0,931.34,2025-12-18,West,Alice,10.0,2514.618
ORD1691,Robin Williams,Laptop,Electronics,1.0,410.4,2025-04-24,West,,5.0,389.87999999999994
ORD1592,William Williamson,T-shirt,Furniture,5.0,292.56,2025-09-16,West,David,10.0,1316.52
ORD1288,Alexis Burns,Desk,Clothing,2.0,884.68,2025-12-19,West,Bob,20.0,1415.488
ORD1787,Laurie Murray MD,Shoes,Furniture,2.0,39.41,2024-09-01,South,Alice,10.0,70.938
ORD1326,Robert Gray,Smartphone,Furniture,2.0,619.94,2024-03-06,East,,5.0,1177.886
ORD1489,Donald Nelson,Desk,Furniture,0.0,380.43,2025-05-26,West,Eva,5.0,0.0
ORD1177,Kathryn Medina,Laptop,Clothing,2.0,671.73,2024-10-22,West,Alice,,1343.46
ORD1707,Christie Mckay,T-shirt,Furniture,2.0,976.97,2025-08-04,South,,10.0,1758.546
ORD1424,Kelsey Anderson,Monitor,Clothing,4.0,924.28,2025-05-17,East,Alice,0.0,3697.12
ORD1444,Michael Hernandez,Watch,Furniture,3.0,993.09,2025-12-22,West,Bob,5.0,2830.3064999999997
ORD1383,Jaime Bush,Mouse,Clothing,3.0,418.75,2024-12-06,South,David,15.0,1067.8125
ORD1370,Keith Buchanan,T-shirt,Furniture,0.0,759.52,2025-02-20,North,,15.0,0.0
ORD1304,Cody Hawkins,Smartphone,Clothing,3.0,271.66,2025-08-06,South,Charlie,20.0,651.984
ORD1598,Laura Parsons,Laptop,Clothing,2.0,692.8,2024-05-28,West,Bob,20.0,1108.48
ORD1130,Anne Davis DDS,Shoes,Clothing,,141.77,2025-12-16,West,Charlie,5.0,
ORD1680,Veronica Yang,Chair,Clothing,3.0,964.75,2024-02-16,South,David,,2894.25
ORD1081,Shelly Clark,Lamp,Clothing,0.0,41.09,2024-02-04,South,Charlie,15.0,0.0
ORD1020,John Gardner,Jacket,Furniture,3.0,635.55,2025-03-12,South,,20.0,1525.32
ORD1724,Laura Evans,Tablet,Furniture,,896.56,2025-04-23,West,Bob,5.0,
ORD1164,Jacqueline Moon,Jacket,Furniture,2.0,855.0,2024-07-10,South,,,1710.0
ORD1668,Deanna Harvey,Desk,Electronics,2.0,42.98,2024-03-25,North,David,0.0,85.96
ORD1141,Karen Sharp,Keyboard,Furniture,2.0,592.76,2025-02-27,East,David,0.0,1185.52
ORD1491,Sandra Chen,Chair,Furniture,5.0,503.59,2020-02-18,North,Alice,20.0,2014.36
ORD1683,Mary Jackson,Monitor,Clothing,3.0,903.93,2024-02-17,East,David,0.0,2711.79
ORD1198,Melissa Reed,Headphones,Electronics,5.0,719.88,2024-09-30,West,Charlie,0.0,3599.4
ORD1471,Kenneth Knapp,Bag,Furniture,5.0,818.18,2025-11-22,South,David,10.0,3681.81
ORD1147,Jeffrey Duncan,Chair,Furniture,2.0,680.32,2025-07-12,East,Eva,20.0,1449.4243934124222
ORD1078,Madeline Stokes,Chair,Furniture,2.0,898.7,2024-08-07,West,,15.0,1527.79
ORD1701,Taylor Day,Chair,Furniture,,996.83,2024-08-22,South,,5.0,
ORD1771,Ricardo Baldwin,Tablet,Furniture,5.0,721.85,2024-01-29,North,Alice,10.0,3248.3250000000003
ORD1518,Melissa Harris,Monitor,Clothing,1.0,882.6,2025-07-10,South,Alice,20.0,706.08
ORD1195,Mitchell Johnson,Chair,Electronics,4.0,374.41,2024-02-07,North,Charlie,,1497.64
ORD1532,Dana Perez,Desk,Furniture,0.0,237.96,2024-04-01,North,Alice,0.0,0.0
ORD1440,Claire Davis,Tablet,Clothing,2.0,986.16,2024-11-07,East,Alice,15.0,2232.33130335073
ORD1249,Heather Christian,Jacket,Electronics,1.0,204.42,2024-03-08,West,Eva,5.0,194.19899999999998
ORD1506,Krystal Adkins,Laptop,Clothing,4.0,725.34,2024-02-28,East,Charlie,10.0,2611.224
ORD1688,Brianna Perkins,Monitor,Electronics,0.0,284.72,2025-02-04,South,Charlie,20.0,0.0
ORD1227,Amber Nelson,Chair,Furniture,1.0,575.83,2024-10-06,North,Eva,15.0,489.45550000000003
ORD1555,Amanda Myers,Jacket,Furniture,1.0,806.99,2024-03-15,North,Charlie,5.0,766.6405
ORD1674,Cassandra Hunt,Headphones,Electronics,2.0,185.91,2025-03-16,North,,15.0,316.04699999999997
ORD1204,Kayla Miller,T-shirt,Clothing,3.0,75.08,2025-05-03,West,Eva,,225.24
ORD1658,Angie Norris,Monitor,Electronics,2.0,631.45,2025-04-15,South,,0.0,1262.9
ORD1666,Erika Payne,Smartphone,Furniture,0.0,,2024-12-25,North,Charlie,,
ORD1694,Elizabeth Gomez,T-shirtX,Electronics,5.0,917.72,2024-02-22,South,,,4588.6
ORD1631,Catherine Baldwin,Watch,Electronics,,382.59,2025-06-21,West,,15.0,
ORD1269,Mark Flynn,Headphones,Clothing,2.0,374.59,2024-09-07,North,Charlie,20.0,599.3439999999999
ORD1808,Thomas Turner,Desk,Furniture,0.0,604.9,2025-04-08,West,David,,0.0
ORD1162,Lorraine White,Lamp,Clothing,0.0,30.42,2024-04-09,South,Alice,15.0,0.0
ORD1219,Maria Sullivan,Desk,Clothing,4.0,751.19,2024-09-03,West,,0.0,3004.76
ORD1341,Tonya Rivera,Lamp,Electronics,,434.15,2024-10-08,East,Alice,10.0,
ORD1413,Renee Smith,Mouse,Electronics,2.0,781.55,2025-12-15,West,Charlie,15.0,1328.635
ORD1617,Elizabeth Nelson,Desk,Furniture,5.0,372.4,2024-12-08,South,Charlie,0.0,1862.0
ORD1407,Patricia Gutierrez,Bag,Clothing,2.0,891.56,2025-10-05,East,Bob,0.0,1783.12
ORD1547,Jacob Holmes,Shoes,Clothing,2.0,757.52,2025-11-02,East,Charlie,,1515.04
ORD1595,Chad Wilson,Jacket,Electronics,5.0,994.99,2025-02-15,West,David,,4974.95
ORD1542,Michelle Barr,Jacket,Furniture,,458.64,2024-03-19,East,Alice,0.0,
ORD1568,Mackenzie Cook,Tablet,Furniture,,,2024-11-18,South,Bob,10.0,
ORD1733,Diane Fields,Bag,Furniture,2.0,877.97,2025-06-07,North,Alice,20.0,1404.7520000000002
ORD1363,John Ingram,Watch,Clothing,0.0,588.38,2025-11-30,North,Bob,,0.0
ORD1181,Jessica Macdonald,Chair,Furniture,2.0,,2025-02-06,West,Charlie,10.0,
ORD1611,Colin Joseph,Shoes,Electronics,2.0,57.83,2024-04-16,West,Alice,10.0,104.094
ORD1312,Matthew Ramos,Headphones,Furniture,4.0,55.96,2024-07-07,North,David,15.0,190.264
ORD1640,Brent Tran,T-shirt,Furniture,1.0,423.59,2024-02-03,West,Eva,15.0,360.0515
ORD1294,Denise Morales,T-shirt,Clothing,4.0,544.89,2025-12-28,North,Alice,20.0,1743.6480000000001
ORD1247,Samantha Caldwell,Jacket,Clothing,2.0,687.88,2025-05-27,South,Alice,15.0,1557.1266903432506
ORD1704,Danielle Hamilton,Shoes,Electronics,3.0,687.55,2025-11-15,North,Bob,0.0,2062.6499999999996
ORD1826,Hunter Harrington,Shoes,Clothing,,420.99,2024-11-03,East,Alice,15.0,
ORD1581,Amanda Jennings,Laptop,Electronics,3.0,861.08,2024-12-20,East,David,0.0,2583.2400000000002
ORD1355,Christopher Jordan,Smartphone,Furniture,2.0,835.9,2024-03-22,South,Eva,15.0,1421.03
ORD1805,Patrick Young,Shoes,Furniture,,674.39,2025-07-11,North,Charlie,5.0,
ORD1073,Alexis Garcia,Bag,Clothing,5.0,256.08,2024-06-03,East,Alice,,1280.3999999999999
ORD1048,John Jones,Desk,Electronics,4.0,497.75,2024-07-12,West,,20.0,1592.8000000000002
ORD1348,Crystal Dixon,Headphones,Furniture,4.0,114.98,2025-04-20,South,Alice,15.0,390.932
ORD1580,Robert Mays,Desk,Electronics,5.0,,2025-07-30,South,Eva,10.0,
ORD1795,Diana Perkins,Headphones,Clothing,,619.75,2024-02-12,North,Alice,5.0,
ORD1546,Calvin Bell,Headphones,Electronics,4.0,506.21,2025-03-28,East,Alice,5.0,1923.5979999999997
ORD1425,Timothy Burke,Lamp,Clothing,5.0,840.74,2026-01-08,South,Charlie,,4203.7
ORD1562,Jeffrey Navarro,Laptop,Clothing,1.0,680.38,2024-07-10,West,Alice,15.0,578.323
ORD1823,Karen Gates,Chair,Furniture,,472.32,2024-02-06,North,Alice,20.0,
ORD1253,Cassandra Wilcox,Keyboard,Electronics,2.0,596.08,2024-12-05,East,Charlie,10.0,1072.9440000000002
ORD1624,Sarah Miller,Jacket,Clothing,2.0,133.33,2025-07-03,South,Bob,10.0,239.99400000000003
ORD1618,Stacy Potter,Monitor,Furniture,2.0,359.69,2025-05-07,South,Bob,10.0,647.442
ORD1049,Colleen Wyatt,Chair,Clothing,2.0,164.63,2025-12-25,South,David,5.0,312.79699999999997
ORD1137,Peter Campos,Jacket,Clothing,0.0,960.85,2025-07-30,North,David,0.0,0.0
ORD1572,Tina Jackson,Shoes,Electronics,2.0,412.05,2025-04-16,West,Bob,20.0,659.2800000000001
ORD1739,Omar Evans,Headphones,Furniture,3.0,934.67,2024-07-09,East,,0.0,2804.0099999999998
ORD1504,Edward Boyd,Bag,Furniture,3.0,902.33,2024-09-28,South,Bob,0.0,2706.9900000000002
ORD1399,Michelle Lambert,Lamp,Furniture,3.0,173.43,2025-04-02,South,Charlie,,520.29
ORD1785,Felicia Edwards,Monitor,Clothing,3.0,108.57,2024-04-10,South,Bob,15.0,276.8535
ORD1136,Donna Hill,Smartphone,Electronics,3.0,746.32,2024-12-26,East,Bob,5.0,2127.0119999999997
ORD1074,Jesse Hanna,Chair,Electronics,5.0,737.26,2025-03-10,North,Charlie,10.0,3317.67
ORD1123,Sheila Smith,Smartphone,Electronics,1.0,193.38,2024-10-06,North,,10.0,174.042
ORD1077,Kristen Hart,Bag,Furniture,1.0,878.76,2025-06-19,North,Alice,,878.76
ORD1558,Jill Davis,Chair,Electronics,,736.28,2024-05-04,North,Alice,0.0,
ORD1398,Dr. Jesse Liu,Shoes,Electronics,0.0,873.72,2025-07-03,West,Alice,0.0,0.0
ORD1046,Michael Rubio,Chair,Furniture,5.0,191.9,2025-11-11,East,David,10.0,863.5500000000001
ORD1659,Michael Webb,Desk,Furniture,0.0,322.4,2025-06-12,West,Charlie,,0.0
ORD1259,David Murray,Monitor,Electronics,,271.82,2025-09-27,South,,20.0,
ORD1197,Kristin Allen,Bag,Furniture,2.0,133.78,2025-12-19,South,,,267.56
ORD1400,Regina Vincent,Monitor,Clothing,4.0,587.53,2025-09-14,East,Eva,15.0,1997.6019999999999
ORD1160,Brian Petersen,Tablet,Electronics,3.0,58.6,2024-11-30,East,Bob,5.0,167.01
ORD1117,Randy Rowland,Mouse,Electronics,5.0,807.83,2024-03-27,South,Charlie,,4039.15
ORD1302,Brianna White,Mouse,Clothing,3.0,,2024-10-25,West,Charlie,10.0,
ORD1475,Marilyn Kelly,Bag,Clothing,,20.65,2024-05-02,East,Eva,10.0,
ORD1716,Benjamin Vaughn,Tablet,Electronics,2.0,940.42,2024-10-10,East,Bob,0.0,1880.84
ORD1627,Michael Cruz,Headphones,Clothing,0.0,821.47,2025-11-17,South,Eva,0.0,0.0
ORD1145,Sarah Norris,Jacket,Furniture,,593.4,2026-01-08,West,Bob,,
ORD1480,Michael Johnson,Shoes,Furniture,3.0,315.44,2024-04-13,West,Charlie,20.0,757.056
ORD1717,Sarah Rodriguez,Laptop,Clothing,0.0,289.36,2025-05-02,West,Charlie,0.0,0.0
ORD1112,Tracy Clark,Keyboard,Clothing,,911.22,2025-06-18,North,Eva,,
ORD1182,Joyce Benjamin,Mouse,Furniture,3.0,970.13,2025-06-23,East,Alice,10.0,2619.351
ORD1349,Adam Graham,Jacket,Electronics,4.0,386.07,2026-01-09,West,David,,1544.28
ORD1684,Francis Mccarty,Tablet,Clothing,2.0,481.22,2025-04-03,South,David,10.0,866.196
ORD1431,Richard Wells,T-shirtX,Electronic,2.0,850.18,2025-02-07,North,David,15.0,1445.3059999999998
ORD1822,Aaron James,Smartphone,Electronics,,796.09,2024-01-21,South,,0.0,
ORD1703,Laurie Garza,Jacket,Electronics,4.0,177.46,2025-09-23,South,David,0.0,709.84
ORD1116,Curtis Mitchell,Watch,Clothing,2.0,532.6,2024-06-21,West,Charlie,10.0,958.6800000000001
ORD1784,Steven Flores,Laptop,Electronics,4.0,835.23,2025-07-06,East,Alice,5.0,3173.874
ORD1541,Robert Smith,Headphones,Electronics,4.0,365.92,2025-07-08,South,Alice,10.0,1317.3120000000001
ORD1075,Andrea Jacobson,Tablet,Clothing,,759.1,2025-05-25,East,Eva,15.0,
ORD1108,Christopher Tran,Jacket,Clothing,2.0,410.87,2024-08-16,North,Charlie,20.0,657.392
ORD1663,Greg Hopkins,Bag,Electronics,5.0,500.59,2025-01-26,West,Eva,20.0,2002.36
ORD1405,Martin Gonzalez,Mouse,Clothing,2.0,385.09,2025-04-15,South,Bob,0.0,770.18
ORD1770,Amy Johnson,Keyboard,Furniture,4.0,135.28,2025-04-06,East,David,10.0,487.00800000000004
ORD1318,Mrs. Lori Schmidt,Desk,Clothing,0.0,455.98,2025-03-14,West,Charlie,20.0,0.0
ORD1059,Casey Underwood,Laptop,Furniture,2.0,883.83,2024-05-17,East,Charlie,5.0,1679.277
ORD1773,Mr. Justin Blackwell,Laptop,Furniture,3.0,238.05,2024-05-02,South,,10.0,642.7350000000001
ORD1158,Desiree Cardenas,Keyboard,Furniture,0.0,,2024-07-13,South,Bob,20.0,
ORD1593,Alan Small,Headphones,Furniture,4.0,62.22,2025-05-29,South,Eva,0.0,248.88
ORD1669,Emily Calderon,T-shirt,Electronics,3.0,954.96,2024-09-27,North,Charlie,0.0,2864.88
ORD1161,Joseph Wood,Keyboard,Electronics,4.0,143.18,2025-10-20,North,Alice,15.0,486.812
ORD1762,Jason Carter,Keyboard,Clothing,4.0,589.2,2025-12-03,North,Bob,,2356.8
ORD1788,Danielle Butler,Tablet,Clothing,3.0,503.07,2024-08-05,West,Bob,15.0,1282.8285
ORD1054,Deborah Martinez,Shoes,Clothing,4.0,,2025-12-08,West,Eva,,
ORD1768,Amy Johnson,T-shirt,Clothing,1.0,991.18,2024-02-10,East,Bob,,991.18
ORD1335,Robert Anderson,Shoes,Clothing,0.0,756.83,2024-08-15,West,Charlie,,0.0
ORD1740,Michelle Lee,Monitor,Electronics,4.0,49.05,2025-02-22,North,Bob,0.0,196.2
ORD1727,Jonathon Young,Jacket,Clothing,3.0,162.84,2024-07-25,South,Charlie,5.0,617.9712896471003
ORD1804,Taylor Smith,Keyboard,Furniture,0.0,897.12,2025-07-22,North,Charlie,20.0,0.0
ORD1525,William Alvarez,Shoes,Furniture,,792.63,2024-08-12,East,,15.0,
ORD1220,Teresa Carpenter,Smartphone,Furniture,2.0,951.71,2024-06-06,South,Eva,20.0,1522.736
ORD1515,Amy Peterson,Desk,Electronics,3.0,667.26,2024-05-26,West,Bob,,2001.78
ORD1582,Timothy Wong,Jacket,Clothing,1.0,623.89,2025-12-15,South,,20.0,664.6000299903545
ORD1118,Dylan Miller,Desk,Clothing,2.0,205.81,2026-01-06,West,Alice,10.0,370.458
ORD1272,April Cobb DVM,Keyboard,Clothing,1.0,727.46,2025-11-23,West,Charlie,15.0,618.341
ORD1763,Stephanie Oneal,Keyboard,Clothing,3.0,738.59,2024-06-26,North,,10.0,1994.193
ORD1056,Emily Gomez,Watch,Furniture,4.0,230.09,2024-09-02,East,David,,1225.5190891060977
ORD1187,Stacey Martinez,Smartphone,Clothing,4.0,213.03,2024-06-11,North,,,852.12
ORD1037,Joshua Ruiz,Bag,Furniture,1.0,445.56,2024-09-22,North,Bob,,445.56
ORD1201,Brian Hartman,Laptop,Clothing,5.0,297.48,2024-04-14,South,,10.0,1338.66
ORD1446,Kenneth Miller PhD,Laptop,Clothing,3.0,451.07,2024-01-21,South,Eva,15.0,1150.2285
ORD1468,Laura Thomas,Lamp,Furniture,1.0,700.07,2024-11-19,West,Bob,0.0,700.07
ORD1741,Kimberly Manning,Bag,Clothing,4.0,638.05,2025-09-26,West,Bob,15.0,2169.37
ORD1153,William Alvarez,Chair,Electronics,4.0,31.64,2024-06-04,North,,10.0,113.90400000000001
ORD1226,David Morales,Jacket,Furniture,4.0,610.14,2024-02-14,West,Bob,10.0,2924.7876714523663
ORD1535,Kenneth Carter,Watch,Electronics,3.0,519.64,2025-06-14,East,Bob,,1558.92
ORD1775,Amy Warren,Shoes,Clothing,4.0,866.91,2024-08-29,North,David,5.0,3294.258
ORD1767,Dominique Griffin,Monitor,Furniture,5.0,443.81,2024-06-29,East,David,15.0,1886.1925
ORD1380,Lindsey Hall,Smartphone,Furniture,1.0,266.25,2025-09-18,East,David,20.0,213.0
ORD1622,Kathleen Goodwin,Bag,Electronics,,892.69,2024-05-24,North,,10.0,
ORD1131,Meghan Franklin,Lamp,Clothing,2.0,669.91,2024-08-02,West,Bob,5.0,1272.829
ORD1697,Ashley Rojas,Jacket,Electronics,0.0,465.28,2024-12-28,North,Eva,5.0,0.0
ORD1100,Anthony Massey,Monitor,Clothing,0.0,441.44,2025-01-18,West,Alice,,0.0
ORD1210,Veronica Wright,Tablet,Furniture,1.0,612.52,2025-12-22,West,,20.0,490.016
ORD1069,Melanie Lee,Chair,Furniture,0.0,638.9,2024-07-16,West,Eva,5.0,0.0
ORD1734,John Jones,Watch,Clothinx,0.0,760.71,2024-01-31,East,Alice,15.0,0.0
ORD1754,Michelle Walton,Watch,Clothing,2.0,715.99,2024-10-05,West,David,10.0,1288.7820000000002
ORD1586,James Powell,Keyboard,Electronics,3.0,133.14,2024-11-20,West,David,0.0,399.41999999999996
ORD1019,Ashley Hunter,Desk,Furniture,0.0,652.83,2024-05-16,East,David,10.0,0.0
ORD1376,Chad Watson,Lamp,Furniture,3.0,902.15,2024-06-12,South,David,5.0,2571.1274999999996
ORD1436,Aaron Morrison,Keyboard,Furniture,0.0,229.24,2024-12-05,East,Alice,15.0,0.0
ORD1417,Jamie Summers,T-shirt,Furniture,5.0,935.7,2024-10-10,North,David,0.0,4678.5
ORD1632,Joshua Hebert,Chair,Electronics,,781.54,2024-05-16,North,Eva,,
ORD1013,Michael Hess,Mouse,Furniture,2.0,293.38,2024-11-15,East,Alice,10.0,528.0840000000001
ORD1208,Melissa Gilbert,Mouse,Furniture,2.0,384.36,2024-10-27,North,Bob,5.0,730.284
ORD1011,Anna Johnson,Tablet,Clothing,4.0,284.13,2025-07-02,East,Bob,15.0,966.0419999999999
ORD1565,Elizabeth Mckinney,Tablet,Electronics,3.0,588.24,2025-09-01,North,Bob,5.0,1676.484
ORD1313,Stephen Mendoza,Chair,Furniture,2.0,478.09,2024-02-25,West,Charlie,15.0,812.7529999999999
ORD1601,Robert Acosta,Mouse,Clothing,2.0,466.3,2025-04-17,North,Bob,20.0,746.08
ORD1233,Vanessa Perez,Chair,Electronics,4.0,731.08,2024-06-24,North,David,5.0,2778.104
ORD1712,Samantha Ford,Monitor,Furniture,4.0,861.42,2024-08-22,East,,,3445.68
ORD1499,Adam Fuller,Headphones,Furniture,2.0,167.4,2025-01-03,East,David,0.0,334.8
ORD1392,Isaac Stewart,Keyboard,Furniture,0.0,899.12,2024-05-06,West,Bob,10.0,0.0
ORD1012,Joanna Alvarez,Chair,Electronics,2.0,508.69,2024-11-09,East,Eva,15.0,864.773
ORD1111,Nicole Morales,Keyboard,Electronics,0.0,558.81,2024-07-12,West,David,15.0,0.0
ORD1065,Nicole Hicks,Laptop,Electronics,0.0,281.57,2024-10-16,South,Charlie,15.0,0.0
ORD1730,Mario Palmer,Jacket,Clothing,2.0,,2025-10-17,West,Alice,20.0,
ORD1230,Brenda Castillo,Monitor,Furniture,2.0,685.19,2024-11-21,East,Charlie,,1370.38
ORD1844,Blake Hughes,Keyboard,Clothing,,16.2,2025-04-15,South,David,,
ORD1404,Timothy Lee,Smartphone,Furniture,2.0,440.11,2025-02-21,South,Alice,0.0,880.22
ORD1009,Jessica Henry,Desk,Clothing,1.0,532.24,2024-08-21,North,,15.0,452.404
ORD1472,Shawn Zimmerman,Keyboard,Furniture,5.0,109.92,2025-08-27,West,Eva,0.0,549.6
ORD1490,Anita Brown,T-shirt,Electronics,2.0,802.49,2024-05-20,North,David,,1604.98
ORD1223,Heather Gonzalez,Smartphone,Furniture,3.0,291.01,2024-05-16,West,,0.0,873.03
ORD1482,Monica Hodge,Keyboard,Furniture,4.0,613.52,2024-04-13,South,Eva,0.0,2454.08
ORD1103,Stephanie Ferguson,Watch,Furniture,3.0,95.43,2024-09-11,South,Charlie,10.0,257.661
ORD1448,Michelle Hernandez,Monitor,Clothing,3.0,296.15,2025-09-24,East,Charlie,15.0,755.1824999999999
ORD1825,Kelly Foley,T-shirt,Electronics,3.0,82.22,2025-01-18,North,Charlie,5.0,312.02161283950255
ORD1260,Mrs. Amy Parker,Lamp,Clothing,1.0,628.93,2025-02-12,East,Eva,20.0,503.144
ORD1128,Jon Fox,Chair,Furniture,2.0,50.81,2025-12-05,South,Alice,10.0,91.45800000000001
ORD1583,Christina Burton,Monitor,Clothing,1.0,706.66,2025-08-07,South,Alice,,706.66
ORD1655,Daniel Zuniga,Laptop,Furnitur,2.0,344.78,2024-11-07,South,Bob,15.0,586.126
ORD1185,Allen Fox,Tablet,Clothing,3.0,56.11,2025-06-25,West,,,168.32999999999998
ORD1361,Steve White,Smartphone,Furniture,3.0,564.19,2025-06-10,South,,5.0,1607.9415000000001
ORD1135,Ethan Pope,Shoes,Furniture,0.0,621.41,2024-03-02,West,Eva,,0.0
ORD1110,Ann Rodriguez,Mouse,Furniture,,460.47,2025-01-15,North,Alice,,
ORD1228,Cindy Serrano,Desk,Electronics,3.0,544.24,2024-03-10,South,Charlie,0.0,1632.72
ORD1127,Zachary Garcia,Tablet,Clothing,4.0,127.77,2025-09-28,North,,,511.08
ORD1280,Bradley Cross,Lamp1,Electronic,2.0,774.54,2025-03-24,North,David,5.0,1471.6259999999997
ORD1366,Cameron Tucker,Chair,Clothing,2.0,318.44,2024-08-02,East,Charlie,15.0,541.348
ORD1107,Erin Riley,Monitor,Furniture,3.0,503.87,2025-01-05,East,Bob,10.0,1360.449
ORD1806,Juan Delacruz,Watch,Furniture,2.0,941.6,2024-05-16,East,Bob,5.0,1789.04
ORD1029,Samantha Powell,Tablet,Furniture,5.0,77.41,2025-03-19,West,David,0.0,387.04999999999995
ORD1412,Jacob Roman,Lamp,Clothing,2.0,608.16,2024-04-01,East,Bob,0.0,1216.32
ORD1022,Leah Williams,Bag,Electronics,0.0,345.25,2024-07-23,East,David,0.0,0.0
ORD1018,Andrew Cabrera,Headphones,Furniture,2.0,490.25,2025-11-09,South,Charlie,5.0,931.4749999999999
ORD1629,Heather West,Smartphone1,Electronicx,5.0,259.54,2024-11-18,South,Alice,,1297.7
ORD1702,Angela Johnson,Keyboard,Clothing,3.0,926.12,2025-09-19,East,David,5.0,3514.5883736672354
ORD1514,David Garcia,Jacket,Clothing,2.0,71.73,2024-10-19,South,David,15.0,121.941
ORD1695,Crystal Leach,Shoes,Electronics,3.0,543.11,2024-12-18,West,,0.0,1629.33
ORD1352,Dawn Collins,Jacket,Electronics,1.0,207.88,2024-11-28,West,Eva,10.0,187.092
ORD1700,Adam Bradley,Watch,Clothing,3.0,114.96,2025-10-31,East,Eva,15.0,293.14799999999997
ORD1420,Teresa Williams,Keyboard,Furniture,3.0,273.36,2025-10-27,North,Charlie,15.0,697.068
ORD1682,Kevin Gonzalez,Chair,Clothing,0.0,55.78,2024-02-14,North,,20.0,0.0
ORD1277,James Morgan,Chair,Furniture,0.0,904.22,2025-04-04,South,Charlie,0.0,0.0
ORD1460,Barbara Harris,Mouse,Furniture,3.0,415.95,2024-04-29,West,David,10.0,1123.065
ORD1043,Debra Anderson DVM,Desk,Furniture,3.0,942.52,2024-05-19,East,,5.0,2686.182
ORD1087,Alicia Bowen,Keyboard,Electronics,0.0,287.29,2025-01-31,South,,5.0,0.0
ORD1406,Rebecca Contreras,Tablet,Clothing,0.0,755.33,2024-06-23,North,Alice,20.0,0.0
ORD1841,Robert James,Chair,Furniture,3.0,370.47,2025-03-16,North,,0.0,1111.41
ORD1606,Erica Velazquez,Jacket,Clothing,2.0,235.59,2024-07-18,South,Bob,15.0,400.503
ORD1561,Samuel Melendez,Lamp,Electronics,3.0,204.94,2024-11-02,South,David,,614.8199999999999
ORD1282,James Mayo,Monitor,Furniture,2.0,95.87,2024-04-21,South,Charlie,0.0,191.74
ORD1435,Robin Hale,Bag,Electronics,,,2025-04-18,South,David,20.0,
ORD1462,Lonnie Wallace,Shoes,Electronics,3.0,261.13,2024-10-17,South,David,,783.39
ORD1212,Maureen Solis,Shoes,Electronics,,569.79,2024-09-11,North,Charlie,15.0,
ORD1540,John Ponce,Smartphone,Furniture,2.0,553.53,2025-05-27,West,Eva,15.0,941.001
ORD1769,Jennifer Gonzalez,Desk,Electronics,5.0,455.13,2025-07-27,North,,,2275.65
ORD1465,Jessica Proctor,Monitor,Clothin,,19.57,2025-04-10,South,Eva,0.0,
ORD1780,William Franklin,Watch,Furniture,2.0,507.86,2025-08-26,North,Alice,,1015.72
ORD1796,Brian Prince,Jacket,Electronics,5.0,624.38,2025-03-02,South,Bob,,3121.9
ORD1533,Hayden Horton,Lamp,Furniture,2.0,678.1,2024-07-29,West,Charlie,20.0,1084.96
ORD1344,Kimberly Thompson,Chair,Clothing,2.0,823.98,2025-04-03,South,David,10.0,1483.164
ORD1234,Richard Williams,Smartphone,Electronics,3.0,103.27,2024-12-29,West,Charlie,20.0,247.848
ORD1661,Brian Howard,Tablet,Clothing,2.0,,2025-02-04,North,,0.0,
ORD1597,Tina Graves,T-shirtX,Electronicx,4.0,141.02,2020-10-27,South,Alice,5.0,535.876
ORD1255,Austin Crawford,Tablet,Clothing,3.0,854.27,2025-02-17,South,Eva,,2562.81
ORD1202,Kevin Roberson,Smartphone,Furniture,5.0,858.59,2025-09-12,West,Eva,5.0,4078.3025
ORD1735,Virginia Bell,Laptop,Electronics,3.0,126.19,2025-04-14,East,Charlie,20.0,302.856
ORD1235,Kristin Crawford,Watch,Clothing,4.0,686.87,2025-05-26,East,Alice,0.0,2747.48
ORD1662,Amanda Bryant,T-shirtX,Clothin,1.0,656.72,2022-12-02,South,Eva,0.0,656.72
ORD1646,Justin Johnson,Chair,Furniture,5.0,171.1,2025-01-12,East,Alice,0.0,855.5
ORD1237,Jonathan Mendez,Shoes,Clothing,2.0,742.48,2024-04-19,North,Bob,20.0,1187.968
ORD1359,Martin Ross,Smartphone,Furniture,2.0,348.11,2025-07-27,West,Charlie,15.0,591.787
ORD1301,Terry Schneider,T-shirt,Clothing,2.0,480.25,2024-02-20,East,Alice,,960.5
ORD1637,Nathaniel Hamilton,Tablet,Furniture,1.0,285.1,2025-07-23,North,David,0.0,379.62915848597123
